dataset,sample_id,source,reference,summary,system_id,human_scores_consistency,human_scores_relevance,human_scores_fluency,human_scores_coherence,baseline_scores_rouge_1_f,baseline_scores_rouge_2_f,baseline_scores_rouge_l_f,baseline_scores_rouge_we_1_f,baseline_scores_rouge_we_2_f,baseline_scores_rouge_we_3_f,baseline_scores_bert_score_f1,baseline_scores_bleu,baseline_scores_meteor,baseline_scores_chrf,baseline_scores_mover_score,baseline_scores_cider,baseline_scores_s3_pyr,baseline_scores_s3_resp,baseline_scores_sms,sample_index,original_index
summeval,dm-test-d3c9ce137ba24a69253508b3416630465c050ae4,"A teenager from Illinois is tackling her disability head-on and attempting to positively influence thousands of others by dancing. Dayna Dobias, 19, from Downers Grove was born with cerebral palsy, but she hopes to inspire others with her enthusiastic videos. 'I've gotten bullied because of it and I get people all the time, staring and so it's definitely made things difficult in my life,' Dayna told Daily Mail Online. Scroll down for video Challenging: Dayna Dobias, 18, is hoping change the way people with disabilities are represented by the television, film and the fashion industry Her hope is that the video not only entertains, but inspires others to think before judging. The teenager says her motivation for creating the video was to counteract stereotypes held by people over certain disabilities. 'People tend to think that because I have cerebral palsy I cannot do anything and that I am so different from everyone else, when in reality I am pretty much just the same as everyone else,' she added. 'I might do things a little bit differently than most people, but that doesn't mean that I should be treated differently.' This is one of several videos that Dayna has created. Last year the teenager produced another dancing clip with her strutting her stuff to Taylor Swift's Shake It Off. Inspirational: The Illinois teen who suffers from cerebal palsy has created a video in which she dances Don't judge: People tend to think that because I have cerebral palsy I cannot do anything and that I am so different from everyone else, when in reality I am pretty much just the same as everyone else,' Dayna says 'People like to define me based on disability. People just look at me and think, oh that's just the girl with cerebral palsy,' she said. 'I would like people to look past that and be like, oh she's just one of us.' Dayna says she wanted to turn any negativity that might be held over her disability into something positive and hopefully inspire others, or at the very least raise a smile. 'When I was first diagnosed with cerebral palsy, doctors warned my parents that I may never walk, but here I am dancing! I drive, I go to college, I do things like every other 19-year-old,' she says. The teen has now begun to do some motivational speaking at a couple of local schools. Confident: Dayna has now taken up motivational speaking and has visited several schools in the Chicago area","Dayna Dobias, 19, has created a video in which she dances despite having a disability that makes it difficult for her to walk. She loves TV, film and fashion, and says she’s not happy with how people with disabilities are represented. The teen has created several videos during the past year aimed at changing stereotypes.","dayna dobias , 19 , from downers , illinois , was born with cerebral palsy . she hopes to inspire others with her enthusiastic videos . she says her motivation for creating the video was to highlight stereotypes of people over certain disability . she has created a video in which she dances do n't judge : people tend to think that because i have cerebral palsy i can not do anything and that i am so different from everyone else , when in reality i am pretty much just the same as everyone else ' .",M11,5.0,3.3333333333333335,4.0,3.0,0.31345,0.06281,0.25737,0.30880230880230874,0.10997067448680352,0.06557377049180328,0.4313129186630249,24.020325996742123,0.2646142651954684,0.46033004674854955,0.24410187251923754,4.958457363434597e-05,0.37454224403131997,0.45657539575392514,0.12080416465768365,1,1309
summeval,dm-test-9afda3cde191a883d8c166ceb5765eb53205d8f4,"Arsenal manager Arsene Wenger does not know the exact reason Alexis Sanchez chose the Emirates Stadium over Anfield - but he is glad the Chile forward will be lining up for his side rather than against them for Liverpool on Saturday. Sanchez had his selection of clubs once Barcelona had decided to let him leave, and following the World Cup, the 26-year-old was convinced to continue his career under Wenger's expert guidance, going on to make an instant impression in English football. The French coach, however, admits the possibility Liverpool could use their interest in Sanchez as leverage during negotiations over Luis Suarez's move to the Nou Camp last summer was always on the cards. Alexis Sanchez was courted by a number of elite clubs last summer but eventually chose Arsenal Sanchez has made an instant impact in English football and has scored 19 goals so far this season Arsenal boss Arsene Wenger (right) is delighted that Sanchez decided to join the north London club 'At the end of the day, only Sanchez can explain to you why he has chosen us. I don't know why he did that, but we are happy that he made that decision,' said Wenger of the £32million Chile forward, who has netted 19 goals so far. 'I was (aware of Liverpool's interest), but you never know if it is really true, but I thought it could be because of the interest in Suarez (from Barcelona). 'In the negotiations, yes, it is a strength - and it makes sense, an exchange and some money for Liverpool.' Wenger believes the way Sanchez has adapted so quickly to a change in environment proves he is one of the best around. 'If you look at the qualities, efficiency, work-rate, fighting spirit - (he is at the) top,' the Arsenal boss added. 'When it (the game) becomes flat, he can revitalise the strengths and dynamics of the team and the supporters.' Ahead of the key Barclays Premier League clash, Wenger was keen to play down any talk of a potential summer transfer move for Liverpool forward Raheem Sterling, who has so far rejected a new contract offer. Despite the Reds having lost to Manchester United before the international break to dent hopes of another top-four finish, Wenger has been impressed by the way Brendan Rodgers has developed his team following the sale of Suarez and injury to striker Daniel Sturridge. 'He has done very well. I think he found a solution at the right time,' the Arsenal manager said. 'They did well last season too, they scored over 100 goals in the Premier League, which is absolutely fantastic.' Wenger has moved to play down speculation linking him with Liverpool winger Raheem Sterling","Alexis Sanchez had offers from several clubs when he left Barcelona last summer, including Arsenal and Liverpool. He chose to join Arsenal in a decision that delighted boss Arsene Wenger. Sanchez has made an instant impact in English football and has scored 19 goals for the Gunners so far this season. Arsenal face Liverpool in the Premier League on Saturday as the two sides compete for a top-four finish.",alexis sanchez joined arsenal for £32million from barcelona last summer . the chile forward was also linked with liverpool and manchester city . arsene wenger believes sanchez is one of the best in the world . arsenal host liverpool at the emirates stadium on saturday .,M17,5.0,5.0,5.0,4.0,0.28356,0.06601,0.27068,0.2921589688506982,0.14961496149614964,0.12401352874859076,0.3948422968387604,12.354581011078027,0.23124818710537792,0.34765191703490034,0.29624874855030037,0.18418417918025842,0.21266912646784686,0.3666780110278638,0.08192727441045267,2,228
summeval,dm-test-0f0789390d67698283cc87b2e046b5c5cd77edb7,"This is the embarrassing moment a Buckingham Palace guard slipped and fell on a manhole cover in front of hundreds of shocked tourists as he took up position in his sentry box. The Queen's Guard was left red-faced after he slipped on a manhole cover during the popular Changing of the Guard - and unfortunately for him the entire incident was caught on camera. He lost his footing and slid sideways, knocking his bearskin on the side of the box and dropping his rifle. The Queen's Guard (pictured) slipped on a manhole cover during the popular Changing of the Guard at Buckingham Palace last week. Unfortunately for him, the entire incident was caught on a tourist's camera The embarrassed soldier quickly scrambled to his feet as his colleagues marched past as if nothing had happened. But the young guard started to blush as he peered at the crowd from under his bearskin and realised how many people had seen his slapstick moment. Holidaymaker David Meadwell recorded the unscheduled manouevre outside Buckingham Palace on Thursday afternoon. Mr Meadwell, 50, from Newcastle-upon-Tyne, said: 'I was with my family for a trip to London and I thought I'd take some pictures of the changing of the guards. Tourist David Meadwell shot this footage of the Changing of the Guard last week when the incident unfolded The moment it all started to go wrong: The guard leans heavily to the side as he appears to slip The unidentified young guard's legs appear to get a bit tangled as he tries to turn to march away The guard, wearing full regalia, falls heavily to the floor still clutching his rifle following the slip up 'The first group changed successfully, without any problems, and so I decided to video the next group doing it. 'I didn't expect anything like this to happen - he went flying. There were quite a few people around and there were a lot of gasps as he went down. 'I think he just slipped on a manhole cover, he looked so embarrassed.' The unnamed solider is thought to have slipped because of the metal protectors nailed to the soles of his boots. Tourists gather in their thousands to watch the changing of the guard outside Buckingham Palace at 11.30am every day in the summer and every other day in the winter. The Guard comprises two detachments, one each for Buckingham Palace and St James's Palace, under the command of the Captain of The Queen's Guard. Contrary to popular belief they are not purely ceremonial and are fully operational soldiers. The Ministry of Defence said they would not comment on 'a young man falling over while doing his job'. The embarrassed guard hastily scrambled to his feet following the unfortunate tumble at the palace The incident took place in front of hundreds of tourists who were watching the Changing of the Guard",Buckingham Palace guard slipped and fell in front of hundreds of tourists. Thought to have stumbled on manhole cover during Changing of the Guard. Embarrassed young soldier ended up on the floor still clutching his rifle. Unfortunately for him the entire incident was caught on tourist's camera.,buckingham palace guard slipped on manhole cover in front of hundreds of horrified tourists . the queen 's guard was left red-faced after he slipped on a manhole cover . he lost his footing and dropped his rifle on the side of the box and dropping his rifle . the incident was caught on camera camera camera . the guard is thought to have slipped because of metal shutters nailed to the soles of his boots .,M11,5.0,4.333333333333333,1.6666666666666667,3.3333333333333335,0.3758,0.17077,0.34516,0.3790322580645161,0.2298850574712644,0.1822742474916388,0.519435465335846,34.15378751576635,0.2842736168902793,0.5033617355832155,0.29240654776892383,0.05170590013957291,0.5520966102855637,0.62525279503435,0.09999742191503522,3,51
summeval,dm-test-f468efac7b3c54f8c42c2c81dff108c52ebe0d7d,"After Chelsea forward Eden Hazard had scored give his side a 1-0 lead against Manchester United at Stamford Bridge on Saturday, the Sky Sports punditry team were convinced that there had been a foul in the build-up. Chelsea captain John Terry had come in with a strong challenge from behind on United striker Radamel Falcao which sent the Colombian hurtling to the ground. Blues midfielder Cesc Fabregas then collected the loose ball and released it to Oscar before his back-heel sent it into the path of the oncoming Hazard to slot home. Chelsea defender John Terry comes in from behind with a strong challenge on Radamel Falcao Terry's challenge on Falcao came during the build-up to Eden Hazard's opening goal for Chelsea The Manchester United striker struggles to hold his grand and loses the ball to Terry near the half-way line Terry's strong challenge leads to a loose ball that is picked up by Cesc Fabregas to start of the scoring move Without taking anything away from the sublime spectacle of the goal, pundits Thierry Henry, Jamie Redknapp and Graeme Souness agreed during their half-time analysis that play should have been stopped for Terry's rough tackle on Falcao. Souness said, 'It's a decent forearm smash. I mean he does stick his elbow in the back of Falcao's head and that's a foul.' He added, 'If that elbow's not there he's not going down like that.' Former Arsenal captain Henry, meanwhile, felt sympathy for Falcao as a fellow striker. Asked if he would have wanted a foul in that position as a player, the Frenchman responded, 'Yes, all day long.' Finally, Redknapp admitted that while Falcao could have possibly done better to stay on his feet, Terry's challenge from behind shouldn't have gone unpunished. 'I think he could have been stronger, but it's still a foul.' Sky pundits Graeme Souness (left), Thierry Henry (centre) and Jamie Redknapp agree Terry fouled Falcao","Eden Hazard scored the opening goal for Chelsea against Manchester United. At the start of the preceding move, John Terry brought down Radamel Falcao. Sky Sports pundits agreed that play should have been stopped. Thierry Henry, Graeme Souness and Jamie Redknapp analysed at half-time.",eden hazard scored give his side a 1-0 lead against manchester united . sky sports punditry team were convinced that there had been a foul in the build-up . chelsea captain john terry had come in with a strong challenge from behind on united striker radamel falcao which sent the colombian hurtling to the ground .,M12,5.0,4.333333333333333,5.0,4.333333333333333,0.41111,0.13233,0.35926,0.4114921223354958,0.19299905392620623,0.19130434782608696,0.4601372480392456,30.78635419118961,0.31305295663588956,0.4314508678451784,0.35206616519894407,0.25209288186342915,0.4504290760047236,0.5305128171559113,0.1901290135229107,4,1518
summeval,dm-test-97bbda7ec22a736cd174b51513c72a6372d13d35,"The glowing blue letters that once lit the Bronx from above Yankee Stadium failed to find a buyer at an auction at Sotheby's on Wednesday. While the 13 letters were expected to bring in anywhere from $300,000 to $600,000, the only person who raised a paddle - for $260,000 - was a Sotheby's employee trying to jump start the bidding. The current owner of the signage is Yankee Hall of Famer Reggie Jackson, who purchased the 10-feet-tall letters for an undisclosed amount after the stadium saw its final game in 2008. No love: 13 letters that hung over Yankee Stadium were estimated to bring in anywhere from $300,000 to $600,000, but received no bids at a Sotheby's auction Wednesday The 68-year-old Yankee said he wanted 'a new generation to own and enjoy this icon of the Yankees and of New York City.' The letters had beamed from atop Yankee Stadium near Grand Concourse in the Bronx since 1976, the year before Jackson joined the team. ESPN reports Jackson, who attended the auction, bought the letters 'on a lark.' Jackson joked that once he saw the size of the letters, some of which are also 10-feet-wide, he realized he might have gotten ahead of himself. He promised before the auction that if the letters were bought by a bidder in the United States, he would fly out to see the signage himself at the winner's home. Yankee Stadium: The letters at the stadium, which was built in 1923, were installed in 1976 and taken down in 2008 In addition to the letters, Sotheby's was auctioning off a New York Mets bullpen car from the late 60s. Despite the Mets memorabilia being estimated at only $20,000 to $30,000, it raked in a winning bid of $112,500 at auction.","The Yankee Stadium signage was bought by Hall of Famer Reggie Jackson when the stadium was shuttered in 2008 for an undisclosed sum. Before the auction, Jackson had promised to fly out himself to see the letters at the winner's home.","no love : 13 letters that hung over yankee stadium were estimated to bring in anywhere from $ 300,000 to $ 600,000 , but received no bids at a sotheby 's auction wednesday . while the 13 letters were expected to bring in anywhere from $ 300,000 to $ 600,000 , the only person who raised a paddle - for $ 260,000 - was a sotheby 's employee trying to jump start the bidding . the current owner of the signage is yankee hall of famer reggie jackson , who purchased the 10-feet-tall letters for an undisclosed amount after the stadium saw its final game in 2008 .",M1,5.0,4.333333333333333,5.0,2.6666666666666665,0.37745,0.12174,0.31127,0.3799019607843137,0.18385093167701866,0.163727959697733,0.551850438117981,30.976669002821204,0.29941070568669415,0.5035236637997292,0.32835271095730256,0.002175459223712513,0.5553527144995436,0.594848664650273,0.2599611910675712,5,563
summeval,dm-test-b5925c1a02fa9a8f6b1d5ad764c19a732deac0df,"A video of a menacing crocodile swimming through a public marina with a dead pet dog locked in between its jaws has been viewed more than half a million times online. The clip shows a large croc calmly moving through the marina in the tourist hotspot of Puerto Vallarta, in Mexico, with a black dog wearing a red collar lifeless in its mouth. New Zealander Tim Weston was on holiday in Puerto Vallarta with his wife when the attack happened and described how 'the crocodile kept the dog in its mouth for ages, not moving at all'. Mr Weston told Daily Mail Australia the dog belonged to the local bike shop's owner. Scroll down for video The large croc proudly held on to its catch for hours as it lurked around the Puerto Vallarta marina, in Mexico 'There's a sanctuary for these crocodiles up the river (200m away) which runs out to the sea and the marina,' Mr Weston explained. 'The dog went to the water's edge to see the crocodile (being curious I guess) but things didn't go according to plan obviously. 'It was certainly a shock to the system. Guess that's nature though,' he said. In the video the beast glides through the water, with rocks on one side and a footpath on the other, as crowds gasp in amazement. New Zealander Tim Weston was on holiday in Puerto Vallarta with his wife when he saw the alarming sight Tourist Tim Weston took a photo of the crocodile with the dog between its jaws A video of the crocodile swimming through the marina with the bike shop owner's dog has been viewed more than 500,000 times Mr Weston said: 'A couple of hours later we walked back past and there was still a crowd... But we didn't want to look at it again as we had just eaten. Yesterday morning there was no sign of either.' Social media users have reacted in horror to the video that was posted on the Bogged Facebook page. One woman  called the video 'horrible' and another said 'I hate crocodiles now'. But crocodiles are a common site in Puerto Vallarta as the Mexican beach resort is built amongst the mangroves that the creatures have called home for centuries. As well as living in the nearby sanctuary, crocs are regularly spotted on the resort's golf course. In Mexico the 'American Crocodiles' can reach lengths of 6 meters and as a result of urbanisation are living closer to humans than ever before. One social media user called the video 'horrible' and another said 'I hate crocodiles now'","A local bike shop owner's dog was snatched by a crocodile. The crocodile was swimming through Puerto Vallarta marina, in Mexico. New Zealander Tim Weston was on holiday and saw the bizarre sight. A video of the dog in the croc's jaws has been viewed half a million times.",A crocodile was seen swimming through a public marina with a dead dog in between its jaws.,M20,5.0,4.0,5.0,4.666666666666667,0.30688,0.11743,0.28572,0.3068783068783069,0.1944954128440367,0.16443594646271512,0.4826003909111023,36.897895120699935,0.1724846537107967,0.2981371035740702,0.30045451079959096,0.1475603269347724,0.1834674271717739,0.36111495011678396,0.10135465313227855,6,501
summeval,dm-test-4001b252a072ac149c70840b22299cc6cfab3bae,"Radamel Falcao's former Monaco team-mate Nabil Dirar believes the Colombian must be regretting his failed loan move to Manchester United even though he was not happy in France. The former Atletico Madrid striker moved to Old Trafford on a season-long loan  last summer but has struggled to hit the heights he achieved before suffering a serious knee injury. United will have to pay £46million to make Falcao's transfer permanent but having only scored four goals all season Louis van Gaal's side are unlikely to take up that option. Radamel Falcao has struggled for Manchester United during his season-long loan Falcao has struggled to reach the heights he achieved before suffering a serious knee injury And Dirar has revealed that Falcao was not happy in France but thinks he would have been better off staying at Monaco. 'I think Falcao must be biting his fingers [ruing the fact] he's gone,' he told Le Parisien. 'Here, he would have played and participated in the Champions League. But he may need more atmosphere. 'In Monaco, he was not feeling well.'",Radamel Falcao joined Manchester United on on loan last summer. Striker has only managed four goals in a disappointing season. Nabil Dirar said he would have been better off saying at Monaco.,radamel falcao has struggled for manchester united . former atletico madrid striker moved to old trafford on a season-long loan . nabil dirar believes colombian must be regretting his failed loan move . falcao struggled to reach the heights he achieved before suffering a serious knee injury . united will have to pay # 46million to make falcao 's transfer permanent .,M9,5.0,3.6666666666666665,5.0,3.0,0.375,0.14048,0.3442,0.37670609645131936,0.20241411327762301,0.12890995260663507,0.49365541338920593,20.375802994387005,0.2525655719379992,0.43071206371605286,0.29366873887740697,0.1309988561083127,0.4455840637261572,0.5346023399181195,0.10520701139672292,7,457
summeval,dm-test-bd4684a0f5af5dd6ac88d2fb50f902bd7f10217b,"River Plate are keen to sign Manchester United striker Radamel Falcao but admit a deal is complicated. The Colombia forward spent eight years with the Argentine side before leaving for Porto in 2009 and River Plate are open to Falcao returning. During an interview with Esto es River program, vice president Matias Patanian said: 'We dream of Falcao Garcia. The doors are open.' River Plate are keen to sign former forward Radamel Falcao who has struggled on loan at Manchester United River Plate vice president Matias Patanian admits the club 'dream of Falcao' and that 'the doors are open' The 29-year-old has struggled during a season-long loan spell at Old Trafford this term - scoring just four Premier League goals - and it remains to be seen whether United will exercise the option to keep the frontman or whether he will return to parent club Monaco. However, Falcao has been in good goalscoring form for his countrythis week, finding the net three times in two games to equal Colombia’s all-time goalscoring record with 24 goals. Joining River Plate at the age of 15 in 2001 before making his first-team debut four years later, Falcao went on to score 34 goals in 90 appearances for the Primera Division club. Falcao scored 34 goals in 90 appearances for the Argentine club during his four seasons in the first team",River Plate admit they 'dream' of Manchester United striker Radamel Falcao. The Colombia international spent eight years with the Argentine club. Falcao has managed just four goals in 19 Premier League appearances.,radamel falcao has been in good goalscoring form for manchester united . the 29-year-old has struggled in a season-long loan at manchester united . the frontman has been scoring just four premier league goals .,M8,2.3333333333333335,1.3333333333333333,5.0,1.3333333333333333,0.26615,0.08511,0.24031,0.2794307891332471,0.12250332889480693,0.06310013717421126,0.46333372592926025,17.754923072004463,0.19437900446997824,0.3362660642236702,0.24381845259852275,0.26019119993540896,0.1940214773745048,0.3715086912454266,0.12387909371535878,8,285
summeval,dm-test-fadabe346fe95d33eee71299e6596754768f5246,"A 23-year-old mother-of-two is at risk of being banned from seeing her own children - because she refuses to stop drinking and partying. The woman, named only as Gemma, has two children under five by two different fathers and handed both infants over to her 52-year-old mother Debbie when they were four months old. Now Debbie is threatening to ban Gemma from seeing the children at all, after discovering her daughter's penchant for legal high, MKat, and because she suspects her of stealing. Scroll down for video Feckless: 23-year-old Gemma faces being prevented from seeing her children by her own mother 'I love them,' says Debbie of the two children. 'She [Gemma] isn't fit enough to have them. She doesn't care.' Debbie, who stepped in to care for the children after social services threatened to take them away, says her daughter's constant drinking and partying is getting out of hand. She also claims that Gemma, who is unemployed, stole an iPad from one of the children and sold it to fund her party lifestyle. Although Gemma says she did not steal the device, she admits to stealing money and other items from her mother in the past. 'From around the age of 13, she went off the rails,' says Debbie. 'She was drinking beer and having underage sex. Upset: Debbie reacts after hearing the results of Gemma's lie detector test - which revealed she did steal Furious: Debbie, who has looked after Gemma's children all their lives, says she will ban her from the house 'With the children, she was excited about being pregnant but gave up about four months after having them and then dumped the babies on me.' As a result, Debbie, who appeared alongside her daughter on The Jeremy Kyle Show, has been left to bring both children up alone. Now at the end of her tether, Debbie says she is preparing to ban Gemma from her home and from seeing the children - because she can't trust her not pinch their possessions. Upset: According to her mother, Gemma prefers drinking and parties to work and motherhood 'I don't know how you could do that to your own kid,' adds Debbie, who also revealed that Gemma's children call her mum and not grandma. 'She doesn't care. She doesn't care at all and I feel awful about it because at the end of the day, they're my grandchildren and I love them. 'She's missed out from day one. She doesn't put them first. She knows she needs to grow up and stop drinking and taking drugs and partying.'","Gemma, 23, has left her children to be raised by her mother. Handed them to her 52-year-old parent when they were four months old. Spends her time partying and has 'missed out' on seeing them grow up. Is now at risk of being banned from seeing them thanks to feckless ways. Mother Debbie also says the unemployed 23-year-old has stolen from them.","Gemma , 23 , has two children under five by two different fathers . Handed both infants over to her 52-year-old mother Debbie when they were four months old . Now Debbie is threatening to ban Gemma from seeing the children at all . Says her daughter 's constant drinking and partying is getting out of hand .",M22,5.0,4.666666666666667,5.0,3.3333333333333335,0.38034,0.09471,0.33121,0.39233576642335766,0.21042830540037244,0.21102661596958178,0.5130423307418823,37.91659217370079,0.2142388359976522,0.43585060994580166,0.328099633772048,0.2186409635544639,0.3724587585636687,0.4534235909281745,0.11496186199254022,9,1508
summeval,cnn-test-b1c3fc03a2b74cf4c79844c1fe2fdce70a8a436e,"Rome (CNN)Italy is coping with a rising wave of desperate migrants from Africa and Middle East hoping to make it to Europe. From Friday to Monday, a total of 8,480 migrants were rescued, according to the Italian coast guard, which said it received on Monday -- alone -- SOS calls from 20 boats in distress. On Tuesday, a spokesman with Save the Children told CNN the group fears 400 migrants could be missing, citing testimony from survivors who said their ship carrying 550 people capsized in the Mediterranean Sea about 80 miles off the Libyan coast. The Italian coast guard, however, told CNN that while it is taking the report seriously, it cannot confirm such an incident and has not yet found evidence at sea to indicate a migrant boat carrying approximately 550 has capsized with 145 rescued. An operation that included boats and planes did not find any survivors, nor bodies, nor any evidence to indicate a particular boat capsized, Coast Guard official Filippo Marini said. There has been a recent upsurge in migrant boats crossing the Mediterranean into Italy and an increase in rescues performed by the Italian Coast Guard to aid migrant boats. Why migrants are dying trying to reach Italy According to the International Organization for Migration, Italy registered more than 10,000 migrants arriving in the first three months of 2015, and about 2,000 were rescued at sea during the first weekend of April in the Channel of Sicily. Most migrants recorded this year come from countries in West Africa as well as Somalia and Syria, the IOM said. They use Libya as a country of transit. At least 480 migrants have died while crossing the Mediterranean since the beginning of the year, often because of bad weather and overcrowded vessels used by smugglers, the IOM said. Sometimes the captains and crews abandon the ships, leaving passengers to fend for themselves. Last week: 978 migrants rescued in one day in Mediterranean Sea CNN's Ralph Ellis contributed to this report.","The Italian coast guard says 8,480 migrants were rescued from Friday to Monday. Save the Children said Tuesday 400 migrants could be missing from a boat. The Italian coast guard cannot confirm that report.","italy is coping with a rising wave of desperate migrants from africa and middle east hoping to make it to europe . from friday to monday , a total of 8,480 migrants were rescued , according to the italian coast guard , which said it received on monday -- alone -- sos calls from 20 boats in distress . on tuesday , a spokesman with save the children told cnn the group fears 400 migrants could be missing .",M12,5.0,4.666666666666667,5.0,4.333333333333333,0.31032,0.0943,0.2762,0.33170731707317075,0.16887417218543047,0.13996627318718383,0.4952643811702728,28.277799897096266,0.3080214661738199,0.4809934150973987,0.24559914944852956,0.015985912478348775,0.3306486939544493,0.4382394015561625,0.1441213228384798,10,209
summeval,cnn-test-5139ccfabee55ddb83e7937f5802c0a67aee8975,"(CNN)After a Russian fighter jet intercepted a U.S. reconnaissance plane in an ""unsafe and unprofessional manner"" earlier this week, the United States is complaining to Moscow about the incident. On Tuesday, a U.S. RC-135U was flying over the Baltic Sea when it was intercepted by a Russian SU-27 Flanker. The Pentagon said the incident occurred in international airspace north of Poland. The U.S. crew believed the Russian pilot's actions were ""unsafe and unprofessional due to the aggressive maneuvers it performed in close proximity to their aircraft and its high rate of speed,"" Pentagon spokesman Mark Wright said. Russian state news agency Sputnik reported the U.S. plane was flying toward the Russian border with its transponder switched off, according to a Defense Ministry spokesman. Maj. Gen. Igor Konashenkov said the Russian jet flew around the U.S. plane several times to identify it and get its tail number. An official with the U.S. European Command said the claim that the transponder was off was false. Wright said the Pentagon and State Department will ""file the appropriate petition through diplomatic channels"" with Russia. This is not the first time the U.S. has complained about an incident involving a RC-135U and a SU-27.  A year ago, a Russian jet flew within 100 feet of a RC-135U over the Sea of Okhotsk in the western Pacific, according to U.S. officials who called it ""one of the most dangerous close passes in decades."" The Pentagon complained to the Russia military about that incident. Russian and U.S. aircraft often encounter each other, both in Northern Europe as well as the area between the Russian Far East and Alaska. CNN's Steve Brusk and Jamie Crawford contributed to this report.",The incident occurred on April 7 north of Poland in the Baltic Sea. U.S. says plane was in international airspace. Russia says it had transponder turned off and was flying toward Russia.,The U.S. RC-135U was flying over the Baltic Sea when it was intercepted by a Russian SU-27 Flanker. The Pentagon said the Russian jet flew around the U.S. plane several times to identify it and get its tail number. Read more: http://dailycaller.com/2017/10/29/the-u-s-is-complaining-about-a-russian-fighter-jet-interfering-with,M20,2.0,4.0,5.0,4.666666666666667,0.34598,0.13787,0.28307,0.3496762257169287,0.1850802644003777,0.21215043394406943,0.3781692385673523,30.291106084340328,0.3453786442372717,0.4951650480284463,0.2586666174442902,0.00021003037052788913,0.4330177050495222,0.5335895365636334,0.09532882028579219,11,1385
summeval,dm-test-f468efac7b3c54f8c42c2c81dff108c52ebe0d7d,"After Chelsea forward Eden Hazard had scored give his side a 1-0 lead against Manchester United at Stamford Bridge on Saturday, the Sky Sports punditry team were convinced that there had been a foul in the build-up. Chelsea captain John Terry had come in with a strong challenge from behind on United striker Radamel Falcao which sent the Colombian hurtling to the ground. Blues midfielder Cesc Fabregas then collected the loose ball and released it to Oscar before his back-heel sent it into the path of the oncoming Hazard to slot home. Chelsea defender John Terry comes in from behind with a strong challenge on Radamel Falcao Terry's challenge on Falcao came during the build-up to Eden Hazard's opening goal for Chelsea The Manchester United striker struggles to hold his grand and loses the ball to Terry near the half-way line Terry's strong challenge leads to a loose ball that is picked up by Cesc Fabregas to start of the scoring move Without taking anything away from the sublime spectacle of the goal, pundits Thierry Henry, Jamie Redknapp and Graeme Souness agreed during their half-time analysis that play should have been stopped for Terry's rough tackle on Falcao. Souness said, 'It's a decent forearm smash. I mean he does stick his elbow in the back of Falcao's head and that's a foul.' He added, 'If that elbow's not there he's not going down like that.' Former Arsenal captain Henry, meanwhile, felt sympathy for Falcao as a fellow striker. Asked if he would have wanted a foul in that position as a player, the Frenchman responded, 'Yes, all day long.' Finally, Redknapp admitted that while Falcao could have possibly done better to stay on his feet, Terry's challenge from behind shouldn't have gone unpunished. 'I think he could have been stronger, but it's still a foul.' Sky pundits Graeme Souness (left), Thierry Henry (centre) and Jamie Redknapp agree Terry fouled Falcao","Eden Hazard scored the opening goal for Chelsea against Manchester United. At the start of the preceding move, John Terry brought down Radamel Falcao. Sky Sports pundits agreed that play should have been stopped. Thierry Henry, Graeme Souness and Jamie Redknapp analysed at half-time.",chelsea captain john terry had come in with a strong challenge on radamel falcao which sent the colombian into the path of the oncoming hazard to slot home . the sky sports punditry team were convinced that there had been a foul in the build-up . chelsea captain john terry comes in from behind with a strong challenge on radamel falcao .,M14,5.0,4.0,5.0,1.6666666666666667,0.32071,0.08086,0.28193,0.32098765432098764,0.12589928057553956,0.13027522935779814,0.3979323208332062,22.30187541542501,0.2564637964713895,0.32545433333092566,0.22039235912148236,0.19123605618417114,0.30058596830317297,0.4301782663528093,0.17477453223224315,12,1516
summeval,dm-test-d680ebcdcd59fd5ee9b602a06bcd5230c212835b,"Football Association chairman Greg Dyke has been handed the backing of five former England managers as he bids to push through radical changes. Dyke wants to increase the minimum number of home-grown players in club squads from eight to 12, however he is facing opposition from the Premier League. The proposals also include changing the rules so that 'home-grown' means having trained in England for three years before the age of 18 rather than before 21. FA chairman Greg Dyke (left), speaking with Premier League chief Richard Scudamore, wants to increase the number of homegrown players at top flight clubs Graham Taylor, Glenn Hoddle, Kevin Keegan, Sven-Goran Eriksson and Steve McClaren have signed a letter addressed to Dyke, the Daily Telegraph reports. According to the newspaper, the five former Three Lions bosses warn the English game will suffer if it blocks the proposals from Dyke and the FA's England Commission. 'We urge everyone in the English game to get behind them as quickly as possible,' the letter reportedly says. It adds: 'Failure to do so risks England falling further behind the leading football nations and will only make it harder to end the long wait to win the World Cup.' Former England managers (clockwise) Glenn Hoddle, Kevin Keegan, Steve McClaren and Sven-Goran Eriksson have backed Dyke's call Only 81 of the 220 Premier League starters in the last round of matches were eligible for England selection - a fairly pitiful 36.8 per cent. The managers add: 'There are many reasons why England has failed to win any major honours since 1966 and each of us bears a portion of that responsibility. 'However, as the England Commission's evidence has demonstrated, the pool of English talent playing at the very top level is shrinking and it's an undeniable fact that this is a clear disadvantage for any England manager.' The rise of Harry Kane (centre) proves that England can bring through talented youngsters A draw for England in Italy on Tuesday was a respectable result, and Roy Hodgson's team have encountered no trouble in their Euro 2016 qualifying group to date, winning all five of their matches. There are signs of encouragement with the emergence of a new generation of young players, the former England bosses reason. 'With promising players such as (Ross) Barkley, (Raheem) Sterling and (Harry) Kane starting to break through, it is clear we can still produce top young talent,' they write. 'The one thing they are not being offered is the most important of all: opportunity.'","Greg Dyke wants to increase the minimum number of homegrown players at Premier League clubs from eight to 12. FA chairman has been backed by ex-England bosses Graham Taylor, Glenn Hoddle, Kevin Keegan, Sven-Goran Eriksson and Steve McClaren. Rise of Harry Kane proves England can develop talented youngsters.","football association chairman greg dyke has been handed the backing of five former england managers as he bids to push through radical changes . dyke wants to increase the minimum number of home-grown players in club squads from eight to 12 , however he is facing opposition from the premier league . the proposals also include changing the rules so that ` home-grown ' means having trained in england for three years before the age of 18 rather than before 21 .",M0,5.0,4.666666666666667,5.0,5.0,0.39609,0.13783,0.33735,0.4114544084400904,0.2222222222222222,0.21044427123928292,0.46446719765663147,30.870153759358153,0.35936926518110673,0.5272858627919088,0.28981935689229255,0.011594560477819173,0.5434057492947734,0.5856239978043769,0.22240475844398538,13,1116
summeval,dm-test-0783c68a744df6afa009d16e72709f2b4d90dea1,"Usain Bolt will compete at the IAAF/BTC World Relays in the Bahamas next month, the Jamaica Athletics Administrative Association has announced. The six-time Olympic gold medallist will compete at the relay championship on May 2 and 3 as part of the Jamaican team. 'I'm happy to be part of the Jamaican team for the IAAF / BTC World Relays in the Bahamas. I am fit, healthy and ready to run,' said Bolt. Usain Bolt has confirmed he will be part of Jamaica's team at the World Relays in the Bahamas Bolt reacts as he wins 4x100m gold at the London Olympic Games in 2012 'I hear the meet was a lot of fun last year and there was a great atmosphere. Jamaica has a long and successful tradition in relays and when we put on the national colours we always do our best to make the country proud,' he added. JAAA General Secretary Garth Gayle commented, 'We were extremely pleased that Usain was available for selection and that the world's fastest man will be running for Jamaica. We can expect some sprint magic on the track in the Bahamas on 2nd and 3rd May.' The full Jamaican team list for the competition will be announced shortly. Bolt insists he always does 'his best to make his country proud' while wearing Jamaica colours","Usain Bolt will compete at the IAAF/BTC World Relays on May 2-3. Six-time Olympic gold medalist says he's 'fit, healthy and ready to run.' Bolt was part of the Jamaica team that won gold at London 2012.",Jamaican sprinter Usain Bolt has confirmed he will be part of the Jamaican team at the IAAF/BTC World Relays in the Bahamas.,M20,5.0,4.333333333333333,5.0,4.666666666666667,0.42727,0.23198,0.39697,0.4272727272727273,0.31347962382445144,0.3538961038961039,0.650796115398407,74.64360292650964,0.2420962930199665,0.40716026360979884,0.34608922793056385,0.5712272631704578,0.39466023655789784,0.5185079934065768,0.1485772424497552,14,178
summeval,dm-test-c16c9fa34ccae7e2b9e29c3988ccb74974c4b3c0,"Carlos Tevez has been told to terminate his contract with Juventus to complete a return to his former club Boca Juniors in Argentina. The former Manchester City striker's deal with the Serie A champions does not expire until the end of next season but he has reportedly told the club he wishes to leave this summer. Boca have confirmed they are close to completing a deal for the 31-year-old, but club president Daniel Angelici has stressed that Tevez must terminate his contract with the Italians first. Carlos Tevez has shocked Juventus by suggesting he wants to leave the club this summer Tevez is on course to win a second Serie A title with the Old Lady and still has a shot at European glory 'We must be careful', Angelici told TYC Sports. 'We know that he wants to return to Argentina with Boca Juniors but he must first terminate his contract with Juventus, which runs until 2016. 'We are close to sealing his return and it will be done shortly.' The Argentina international joined Boca's youth academy in 1996 and went on to score 26 league goals in 76 appearances for the club before joining Corinthians in 2005. Although Juventus are reluctant to lose the league's top scorer - Tevez has netted 17 times this season - they have accepted the player wants to leave and have already started identifying potential replacements. Italian paper Tuttosport claims the 31-year-old has already decided to leave the club this summer Tevez has always said he intends to finish his career back at his first club Boca Juniors in Argentina Carlos Tevez                             17 Mauro Icardi                              16 Jeremy Menez                          16 Tevez's international manager Tata Martino claims any potential move would have no bearing on the player's Argentina future. 'The most important thing for me is that Tevez continues to play as well as he is at the moment,' Martino told Italian paper Tuttosport. 'It doesn't matter whether that's at Juventus or Boca. Only he'll know what's best for his future. 'I will say this, though: Juventus are a great team, but so are Boca Juniors. It wouldn't be a step down.'",Carlos Tevez has reportedly told Juventus he wants to return to Argentina. Former Manchester City star wants to play for former club Boca Juniors. Club president Daniel Angelici urges striker to cancel his contract first.,"carlos tevez has been told to terminate his contract with juventus to complete a return to his former club boca juniors in argentina . the former manchester city striker 's deal with the serie a champions does not expire until the end of next season but he has reportedly told the club he wishes to leave this summer . boca have confirmed they are close to completing a deal for the 31-year-old , but club president daniel angelici has stressed that tevez must terminate his contract with the italians first .",M1,5.0,4.0,5.0,4.333333333333333,0.32498,0.11346,0.29206,0.33285509325681495,0.1705539358600583,0.16,0.5557974576950073,32.85954373797427,0.35885224688197526,0.4562982859165812,0.36133050888003804,0.040602395853664076,0.49139000916735176,0.5577964735350043,0.148940316482881,15,1209
summeval,dm-test-4a593dc4c7e0b4d09bfdc66bb315c47b54eb15df,"Liverpool vice-captain Jordan Henderson thinks his side could catch Manchester City in the Barclays Premier League having fought through a tough and long season at Anfield. Henderson and Liverpool goalkeeper Simon Mignolet both played their 47th game of season in the 2-0 win over Newcastle United on Monday night, equalling the record for appearances by any player in the top five European leagues so far this campaign. But the England midfielder believes that after finding winning form again following poor results against Manchester United and Arsenal, Liverpool can pile the pressure on to City who sit four points above them in the race for the Champions League. Liverpool vice-captain Jordan Henderson thinks his side could catch Manchester City in the  Premier League Henderson played his 47th game of season in the 2-0 win over Newcastle United on Monday night Manchester City have been faltering and lost 4-2 at Manchester United, Liverpool are four points behind 'We knew it was an important game for us,' Henderson said 'Obviously the last couple of weeks in the Premier League have been disappointing both with performances and results. We knew today we needed to put that right and I think we did that with a great result for us. 'We've got ground to make up but we'll just keep going, keep winning in games and putting in performances. Come the end of the season, you never know.' Raheem Sterling pulled off some fine skill to open the scoring in the ninth minute at Anfield before Joe Allen capitalised on a defensive mistake to score his first Anfield goal with 20 minutes to go. Raheem Sterling pulled off some fine skill to open the scoring in the ninth minute at Anfield on Monday night Joe Allen capitalised on a defensive mistake to score his first Anfield goal to make it 2-0 with 20 minutes to go 'It was great to get that goal to give us that two-goal cushion,' Allen said. 'It wasn't my best game but I got the goal and helped the team. It was important after the defeats.' Newcastle had what looked a strong shout for a penalty when Dejan Lovren appeared to foul Ayoze Perez in the area, and Allen admitted he thought it was a spot-kick. 'I did get a good view of it as I'd missed the ball in the build-up,' he said. 'It look a good shout for a penalty, but I didn't get one the other night. These things happen.' Liverpool's players congratulate Allen on his goal that secured another vital win in the Premier League battle",Liverpool beat Newcastle United 2-0 at Anfield on Monday night. The win moved them to within four points of fourth-place Manchester City. Jordan Henderson has played a Europe-wide record 47 games this season. But he hopes Liverpool have staying power to put pressure on City.,henderson and liverpool goalkeeper simon mignolet played their 47th game of season in the 2-0 win over newcastle united on monday night . liverpool vice-captain jordan henderson believes his side could catch manchester city in the premier league . manchester city have lost 4-2 at manchester united and liverpool are four points behind .,M10,5.0,4.0,5.0,3.3333333333333335,0.37848,0.14524,0.3439,0.38808837656099904,0.19038272816486754,0.1945837512537613,0.5318396091461182,39.019369736993575,0.3126838019757941,0.41410074794627505,0.3140364355833086,0.0972992258390592,0.4681505629915864,0.5549671322605454,0.21683569990992616,16,864
summeval,dm-test-0f0789390d67698283cc87b2e046b5c5cd77edb7,"This is the embarrassing moment a Buckingham Palace guard slipped and fell on a manhole cover in front of hundreds of shocked tourists as he took up position in his sentry box. The Queen's Guard was left red-faced after he slipped on a manhole cover during the popular Changing of the Guard - and unfortunately for him the entire incident was caught on camera. He lost his footing and slid sideways, knocking his bearskin on the side of the box and dropping his rifle. The Queen's Guard (pictured) slipped on a manhole cover during the popular Changing of the Guard at Buckingham Palace last week. Unfortunately for him, the entire incident was caught on a tourist's camera The embarrassed soldier quickly scrambled to his feet as his colleagues marched past as if nothing had happened. But the young guard started to blush as he peered at the crowd from under his bearskin and realised how many people had seen his slapstick moment. Holidaymaker David Meadwell recorded the unscheduled manouevre outside Buckingham Palace on Thursday afternoon. Mr Meadwell, 50, from Newcastle-upon-Tyne, said: 'I was with my family for a trip to London and I thought I'd take some pictures of the changing of the guards. Tourist David Meadwell shot this footage of the Changing of the Guard last week when the incident unfolded The moment it all started to go wrong: The guard leans heavily to the side as he appears to slip The unidentified young guard's legs appear to get a bit tangled as he tries to turn to march away The guard, wearing full regalia, falls heavily to the floor still clutching his rifle following the slip up 'The first group changed successfully, without any problems, and so I decided to video the next group doing it. 'I didn't expect anything like this to happen - he went flying. There were quite a few people around and there were a lot of gasps as he went down. 'I think he just slipped on a manhole cover, he looked so embarrassed.' The unnamed solider is thought to have slipped because of the metal protectors nailed to the soles of his boots. Tourists gather in their thousands to watch the changing of the guard outside Buckingham Palace at 11.30am every day in the summer and every other day in the winter. The Guard comprises two detachments, one each for Buckingham Palace and St James's Palace, under the command of the Captain of The Queen's Guard. Contrary to popular belief they are not purely ceremonial and are fully operational soldiers. The Ministry of Defence said they would not comment on 'a young man falling over while doing his job'. The embarrassed guard hastily scrambled to his feet following the unfortunate tumble at the palace The incident took place in front of hundreds of tourists who were watching the Changing of the Guard",Buckingham Palace guard slipped and fell in front of hundreds of tourists. Thought to have stumbled on manhole cover during Changing of the Guard. Embarrassed young soldier ended up on the floor still clutching his rifle. Unfortunately for him the entire incident was caught on tourist's camera.,the queen 's guard was left red-faced after he slipped on a manhole cover during the popular changing of the guard at buckingham palace last week . he lost his footing on the side of the box and dropping his rifle . the embarrassed soldier is thought to have slipped because of the metal protectors .,M10,5.0,4.333333333333333,4.666666666666667,5.0,0.38021,0.1229,0.31814,0.3840931134820562,0.19226957383548068,0.14387031408308004,0.4844237267971039,27.877625384863908,0.27079693085045514,0.4516062882357431,0.2644961519706245,0.18341615539841608,0.3819960160915956,0.4820376785281071,0.14201754993743435,17,65
summeval,dm-test-0f0789390d67698283cc87b2e046b5c5cd77edb7,"This is the embarrassing moment a Buckingham Palace guard slipped and fell on a manhole cover in front of hundreds of shocked tourists as he took up position in his sentry box. The Queen's Guard was left red-faced after he slipped on a manhole cover during the popular Changing of the Guard - and unfortunately for him the entire incident was caught on camera. He lost his footing and slid sideways, knocking his bearskin on the side of the box and dropping his rifle. The Queen's Guard (pictured) slipped on a manhole cover during the popular Changing of the Guard at Buckingham Palace last week. Unfortunately for him, the entire incident was caught on a tourist's camera The embarrassed soldier quickly scrambled to his feet as his colleagues marched past as if nothing had happened. But the young guard started to blush as he peered at the crowd from under his bearskin and realised how many people had seen his slapstick moment. Holidaymaker David Meadwell recorded the unscheduled manouevre outside Buckingham Palace on Thursday afternoon. Mr Meadwell, 50, from Newcastle-upon-Tyne, said: 'I was with my family for a trip to London and I thought I'd take some pictures of the changing of the guards. Tourist David Meadwell shot this footage of the Changing of the Guard last week when the incident unfolded The moment it all started to go wrong: The guard leans heavily to the side as he appears to slip The unidentified young guard's legs appear to get a bit tangled as he tries to turn to march away The guard, wearing full regalia, falls heavily to the floor still clutching his rifle following the slip up 'The first group changed successfully, without any problems, and so I decided to video the next group doing it. 'I didn't expect anything like this to happen - he went flying. There were quite a few people around and there were a lot of gasps as he went down. 'I think he just slipped on a manhole cover, he looked so embarrassed.' The unnamed solider is thought to have slipped because of the metal protectors nailed to the soles of his boots. Tourists gather in their thousands to watch the changing of the guard outside Buckingham Palace at 11.30am every day in the summer and every other day in the winter. The Guard comprises two detachments, one each for Buckingham Palace and St James's Palace, under the command of the Captain of The Queen's Guard. Contrary to popular belief they are not purely ceremonial and are fully operational soldiers. The Ministry of Defence said they would not comment on 'a young man falling over while doing his job'. The embarrassed guard hastily scrambled to his feet following the unfortunate tumble at the palace The incident took place in front of hundreds of tourists who were watching the Changing of the Guard",Buckingham Palace guard slipped and fell in front of hundreds of tourists. Thought to have stumbled on manhole cover during Changing of the Guard. Embarrassed young soldier ended up on the floor still clutching his rifle. Unfortunately for him the entire incident was caught on tourist's camera.,"the queen 's guard was left red-faced after he slipped on a manhole cover during the popular changing of the guard - and unfortunately for him the entire incident was caught on camera . he lost his footing and slid sideways , knocking his bearskin on the side of the box and dropping his rifle . unfortunately for him , the entire incident was caught on a tourist 's camera .",M2,5.0,4.333333333333333,5.0,2.6666666666666665,0.34566,0.12445,0.30783,0.3490971625107481,0.18229623137598594,0.15907059874888296,0.5286831855773926,32.61271068307473,0.29336322947163673,0.5245447411722745,0.2796459336190986,0.11190494994468436,0.4027304427340588,0.5028462549446712,0.16365693599136108,18,61
summeval,dm-test-eeef09d26cf30c2124c0399b08eedc6321fe5d20,"Team-mates Neymar and Dani Alves proved their dedication to Barcelona by supporting the club’s basketball side. Neymar and Alves headed to watch El Clasico on Thursday night alongside the Brazilian's sister Rafaella. Barca prevailed with a narrow 85-80 victory in the Euro League contest. Brazil star Neymar (centre) takes a selfie with friends and Barcelona team-mate Dani Alves (right) However Real Madrid remain top of their Euro League division over their bitter rivals, just by points difference. Neymar helped Brazil beat Chile 1-0 at the Emirates Stadium on Sunday in a feisty contest and had to withstand several brutal challenges from the South American rivals. Before the international break Luis Enrique's Barcelona had won their El Clasico contest to move four points clear at the top of La Liga. Neymar and his Barcelona team-mates return to La Liga on Sunday, taking on Celta Vigo as they continue to compete for a treble of trophies. Neymar's sister Rafaella (left) headed to watch El Clasico of basketball with the Barcelona forward Neymar's sister Rafaella (right) attends a Euro League basketball match between Barcelona and Real Madrid Neymar is distracted at the basketball as his sister Rafaella (centre) watches on Neymar, Brazil's captain, led his national side to a 1-0 win over Chile at the Emirates last weekend Barcelona team-mate Dani Alves (front left) joined Neymar and friends to watch some live basketball Gary Medel walks off having appeared to stamp on Neymar at the Emirates on Sunday",Neymar helped Brazil beat Chile 1-0 at the Emirates stadium last weekend. Barcelona won the El Clasico to go four points clear at the top of La Liga. Luis Enrique's side take on Celta Vigo in La Liga on Sunday.,"brazil star neymar takes a selfie with friends and barcelona team-mate dani alves -lrb- right -rrb- . however real madrid remain top of their euro league division over their bitter rivals , just by points difference . neymar 's sister rafaella led his national side to a 1-0 win over chile at the emirates last weekend .",M15,1.3333333333333333,1.3333333333333333,4.666666666666667,1.0,0.33682,0.07281,0.26987,0.3389121338912134,0.12205567451820129,0.11403508771929824,0.4493611752986908,13.031425228337328,0.20749368512995728,0.3818954609554767,0.26048741364887495,0.07991317499976085,0.340136617291667,0.4454932296187717,0.10999871486557253,19,191
summeval,dm-test-4001b252a072ac149c70840b22299cc6cfab3bae,"Radamel Falcao's former Monaco team-mate Nabil Dirar believes the Colombian must be regretting his failed loan move to Manchester United even though he was not happy in France. The former Atletico Madrid striker moved to Old Trafford on a season-long loan  last summer but has struggled to hit the heights he achieved before suffering a serious knee injury. United will have to pay £46million to make Falcao's transfer permanent but having only scored four goals all season Louis van Gaal's side are unlikely to take up that option. Radamel Falcao has struggled for Manchester United during his season-long loan Falcao has struggled to reach the heights he achieved before suffering a serious knee injury And Dirar has revealed that Falcao was not happy in France but thinks he would have been better off staying at Monaco. 'I think Falcao must be biting his fingers [ruing the fact] he's gone,' he told Le Parisien. 'Here, he would have played and participated in the Champions League. But he may need more atmosphere. 'In Monaco, he was not feeling well.'",Radamel Falcao joined Manchester United on on loan last summer. Striker has only managed four goals in a disappointing season. Nabil Dirar said he would have been better off saying at Monaco.,radamel falcao 's former monaco team-mate believes colombian must be regretting his failed loan move to manchester united even though he was not happy in france . the former atletico madrid striker moved to old trafford on a season-long loan last summer but has struggled to hit the heights he achieved before suffering a serious knee injury .,M12,5.0,4.666666666666667,5.0,5.0,0.36772,0.13358,0.32287,0.36756756756756753,0.19301470588235292,0.1482176360225141,0.4956079125404358,28.619212537375194,0.2760267121418438,0.45142530979753576,0.2962504206720328,0.10692780001268598,0.4078817478635931,0.5085950590056265,0.25019975436880193,20,447
summeval,dm-test-8e6c8aec6808f66ed0342e128a4e146f3ecd627d,"Kaitlyn Granado, 24, was arrested on Monday amid claims she had sex with pupil, 15, in her car on consecutive nights in January A Texas math teacher has been accused of having sex with an underage pupil from a Texas high school a month after she was arrested for letting another teenage touch her breasts. Kaitlyn Granado, 24, a teacher at MacArthur High School in Irving, was first arrested on March 19 for having an inappropriate relationship with a 15-year-old student, and was released on bail. Now she has been arrested again after another pupil, also aged 15, also accused Granado of having sex with him on two consecutive nights in January this year. According to the affidavit, seen by the Star-Telegram, the teen claims the sexual relationship took place in her car late at night on January 18 and 19 across the road from another school in Dallas. The abuse came to light after a school police officer learned of a possible relationship between Granado and one of the boys last month. She was arrested on March 19, and in a police interview she admitted kissing the pupil and allowing him to touch her breasts in April the previous year, according to the Dallas Morning News. She was subsequently suspended from teaching and put on administrative leave by school officials. At the time, detectives said they didn't think she had been in a relationship with any other pupils, but just days later, on March 24, officers quizzed a second boy about a possible relationship with her. A spokesman for the police department said: 'There was some discussion, some rumoring, there may have been a second person involved. 'That information came from within the school, and it turned out to be true.' Granado, who is a maths teacher at MacArthur High School in Irving, Texas (pictured), was also arrested last month when she admitted kissing another boy, also 15, and lettin him touch her breasts Granado was booked into Irving County Jail for the second time on Monday, and released after posting a $50,000 bail. It is not known how Granado intends to plead to the second set of charges against her. A spokesman for Irving school district said: 'While privacy laws prevent us from sharing specific details, we can reassure our families that we took immediate and appropriate action. 'Being on administrative leave prevents her from working with students and being present on any Irving ISD property.'","Kaitlyn Granado, 24, first arrested March 19 for relationship with boy, 15. Admitting kissing and letting him touch her and was released on bail. Officers quizzed another 15-year-old on March 24 over second relationship. Granado arrested again amid claims she had sex with second boy in car.","kaitlyn granado , 24 , was first arrested on march 19 for having an inappropriate relationship with pupil . she had sex with an underage pupil from a texas high school . she has been accused of having sex with a 15-year-old student . she was arrested for letting another teen touch her breasts in april last year . the abuse came to light after a school police officer learned of a possible relationship with the 15-year-old . the teen claims the sexual relationship took place in her car late at night on march 24 .",M11,2.0,3.6666666666666665,5.0,2.6666666666666665,0.40682,0.1691,0.3727,0.40840446487196325,0.229180546302465,0.23394185260311018,0.5578548908233643,41.49993562045124,0.30661196641202365,0.5038077155563712,0.32800996171749486,0.0002182609087309536,0.6252028655066443,0.6704931299291743,0.12197498517579033,21,476
summeval,cnn-test-c05bda9b387ec8ae43803170b6f59b4b82505db9,"(CNN)ISIS on Wednesday released more than 200 Yazidis, a minority group whose members were killed, captured and displaced when the Islamist terror organization overtook their towns in northern Iraq last summer, officials said. Most of those released were women and children; the rest were ill or elderly, said Rassol Omar, a commander in the Peshmerga force that defends  northern Iraq's semi-autonomous Kurdish region. Omar didn't say what led to the release, other than asserting that Arab tribal leaders helped to coordinate it. The freed Yazidis were received by Peshmerga, who sent them to the Kurdish regional capital, Irbil, said Nuri Osman, an official with Iraq's Kurdistan Regional Government. It wasn't immediately clear what motivated Wednesday's release, Osman said. Osman said 217 Yazidis were released. Omar, the Peshmerga commander, had a higher count: 228. ISIS previously released scores of other Yazidis -- largely children and the elderly -- since attacking the group's towns last year. The Sunni Islamist militant group steamrolled into Iraq's north last summer, forcing hundreds of thousands of minorities -- Yazidis among them -- from their homes. Yazidis are of Kurdish descent, and their religion is considered a pre-Islamic sect that draws from Christianity, Judaism and Zoroastrianism. One of the oldest religious communities in the world, the Yazidis have long suffered persecution, with many Muslims referring to them as devil worshipers. ISIS' cruelty to them has been extraordinary. ISIS' conquest of the town of Sinjar, in particular, provoked a major humanitarian crisis as some Yazidis fled into the mountains -- where many became trapped for a time without food and water -- and others fled by foot into neighboring Syria. ISIS slaughtered Yazidis by the hundreds, Yian Dakhil, the only lawmaker representing the Yazidis in Iraq's Parliament, told CNN last year. Reports emerged from some Yazidi survivors that ISIS raped and enslaved female Yazidi captives. An international coalition responded, first by airdropping supplies in the mountains. Rescues came next. And then, starting in August, the United States and other nations conducted airstrikes targeting ISIS in Iraq and Syria. The U.S. State Department estimates that 500,000 Yazidis live in northern Iraq, accounting for less than 1% of the country's population. CNN's Raja Razek reported from Beirut. CNN's Jason Hanna wrote from Atlanta. CNN's Hamdi Alkshali, Faith Karimi and Yousuf Basil contributed to this report.",Most of those released were women and children. Freed Yazidis sent to capital of Iraq's Kurdish region.,"most of those released were women and children ; the rest were ill or elderly , officials say . freed yazidis , a minority group , captured and displaced in northern iraq last summer . arab tribal leaders did not say what led to release .",M10,4.333333333333333,3.3333333333333335,3.0,1.0,0.25258,0.061,0.2268,0.26546391752577325,0.08753315649867373,0.08743169398907102,0.4986897110939026,29.409755070008067,0.29293682353587247,0.46296590791271486,0.20356923100276758,0.1590634085305918,0.16990555891862458,0.35498545361052414,0.08892258590650053,22,1034
summeval,dm-test-096e418a953af86df0d1560bec95bc7bfee2e34b,"Porto's defence was not the only thing to be ripped apart at the Allianz Arena on Tuesday night as a jubilant Bayern Munich manager Pep Guardiola was left with a hole in his trousers. Guardiola managed to tear the left trouser leg of his grey garments during an incredibly exciting night for Bayern, who led their opponents 5-0 at half-time. The Spanish tactician's underwear was on show after the incident, and he joked after the Champions League clash: 'I'll have to buy new ones for the next match.' Bayern Munich manager Pep Guardiola ripped a hole during the Champions League match in Germany Guardiola's underwear were on show after the Bayern boss managed to rip a small hole in his trousers The excitement of a 6-1 win against Porto appeared to get the better of Guardiola's left trouser leg Away from Guardiola's clothing, Bayern managed to book a place in the Champions League semi-finals thanks to goals by Thiago Alcantara, Jerome Boateng, Thomas Muller, Xabi Alonso and a brace from Robert Lewandowski. Porto went into the match with a two-goal lead following their 3-1 victory in Portugal, however they were swept aside by the Bundesliga giants. Bayern's European rivals will be running scared after their outstanding display as Guardiola's side showed they were a cut above a shell-shocked Porto side. Guardiola's trousers before the rip (left) and after the rip (right) during Bayern Munich's 6-1 victory over Porto The former Barcelona boss (far right) also decided to ditch his suit blazer during the latter stages of the match Bayern Munich celebrate at the final whistle after booking a place in the semi-finals of the Champions League",Bayern Munich boss Pep Guardiola ripped a hole in his trouser leg. His underwear were on show during the European match in Germany. The German giants booked place in the semi-finals thanks to 6-1 rout.,"Pep Guardiola's trousers were ripped after a jubilant Bayern Munich victory over Porto Porto's manager, Jorge Jesus, was left with a hole in his trousers after his side's 2-1 defeat at the Allianz Arena Porto boss, Jorge Jesus, was left with a hole in his trousers after his side's 2-1 defeat at the Allianz Arena",M20,1.6666666666666667,2.3333333333333335,1.6666666666666667,2.3333333333333335,0.29865,0.09055,0.237,0.3159922928709056,0.16141732283464566,0.15090543259557343,0.39727142453193665,21.437277983809665,0.21188874030321783,0.37676442973517155,0.20107821768995637,0.013162381924092888,0.35758161858990456,0.4562665062113195,0.18215304492400275,23,1232
summeval,dm-test-0f0789390d67698283cc87b2e046b5c5cd77edb7,"This is the embarrassing moment a Buckingham Palace guard slipped and fell on a manhole cover in front of hundreds of shocked tourists as he took up position in his sentry box. The Queen's Guard was left red-faced after he slipped on a manhole cover during the popular Changing of the Guard - and unfortunately for him the entire incident was caught on camera. He lost his footing and slid sideways, knocking his bearskin on the side of the box and dropping his rifle. The Queen's Guard (pictured) slipped on a manhole cover during the popular Changing of the Guard at Buckingham Palace last week. Unfortunately for him, the entire incident was caught on a tourist's camera The embarrassed soldier quickly scrambled to his feet as his colleagues marched past as if nothing had happened. But the young guard started to blush as he peered at the crowd from under his bearskin and realised how many people had seen his slapstick moment. Holidaymaker David Meadwell recorded the unscheduled manouevre outside Buckingham Palace on Thursday afternoon. Mr Meadwell, 50, from Newcastle-upon-Tyne, said: 'I was with my family for a trip to London and I thought I'd take some pictures of the changing of the guards. Tourist David Meadwell shot this footage of the Changing of the Guard last week when the incident unfolded The moment it all started to go wrong: The guard leans heavily to the side as he appears to slip The unidentified young guard's legs appear to get a bit tangled as he tries to turn to march away The guard, wearing full regalia, falls heavily to the floor still clutching his rifle following the slip up 'The first group changed successfully, without any problems, and so I decided to video the next group doing it. 'I didn't expect anything like this to happen - he went flying. There were quite a few people around and there were a lot of gasps as he went down. 'I think he just slipped on a manhole cover, he looked so embarrassed.' The unnamed solider is thought to have slipped because of the metal protectors nailed to the soles of his boots. Tourists gather in their thousands to watch the changing of the guard outside Buckingham Palace at 11.30am every day in the summer and every other day in the winter. The Guard comprises two detachments, one each for Buckingham Palace and St James's Palace, under the command of the Captain of The Queen's Guard. Contrary to popular belief they are not purely ceremonial and are fully operational soldiers. The Ministry of Defence said they would not comment on 'a young man falling over while doing his job'. The embarrassed guard hastily scrambled to his feet following the unfortunate tumble at the palace The incident took place in front of hundreds of tourists who were watching the Changing of the Guard",Buckingham Palace guard slipped and fell in front of hundreds of tourists. Thought to have stumbled on manhole cover during Changing of the Guard. Embarrassed young soldier ended up on the floor still clutching his rifle. Unfortunately for him the entire incident was caught on tourist's camera.,"the queen 's guard slipped on a manhole cover during the popular changing of the guard at buckingham palace last week . he lost his footing and slid sideways , knocking his bearskin on the side of the box and dropping his rifle . the entire incident was caught on camera .",M14,5.0,4.666666666666667,5.0,4.666666666666667,0.39793,0.16119,0.33368,0.40207253886010363,0.23966065747614,0.1758957654723127,0.6021739840507507,42.104756511062234,0.33902740777739654,0.5453467040929945,0.40206722510005377,0.40402205717533285,0.421305955953869,0.5184801035999559,0.14163057167908732,24,54
summeval,dm-test-23e8c1d71474d239aa9ae37b9a05031b0054b8ce,"Boss Nigel Pearson has urged Leicester to keep their cool and ignore their relegation rivals. The Foxes host Swansea on Saturday just three points from safety in the Barclays Premier League after back-to-back wins. Last week's 3-2 win at West Brom handed them a survival lifeline, although they remain bottom of the table. Jamie Vardy scored an injury-time winner against West Bromwich Albion on Saturday to improve his side's slim chance of Premier League survival Vardy celebrates in front of the travelling away fans after hitting the winner against West Brom But after their mini-revival, Pearson wants his side to remain focused on their own jobs. 'I'm very wary of people flipping the emphasis,' he said. 'Our future is in our own hands and if we go into the last game with that we have given ourselves a realistic chance. 'We need to make sure our own run-in is what we want it to be. Leicester manager Nigel Pearson has urged his players to focus on their own job and not worry about their relegation rivals during run-in 'It's helpful that other teams are being dragged into it. People are continually adjusting the form table and their predictions. 'We can't get involved in anything apart from being involved in our own games that may change people's perceptions. 'It's great when results go your way but they only help if you've done your own job. 'It's important for us to be in touch. One of the potential problems we have to deal with is people are now overly optimistic.'",Leicester have won back-to-back league games to boost  survival hopes. Nigel Pearson has urged his players to focus on their own run-in. Leicester now just three points from safety heading into final six games.,"boss nigel pearson has urged leicester to keep their cool and ignore their relegation rivals . the foxes host swansea on saturday just three points from safety in the barclays premier league after back-to-back wins . last week 's 3-2 win at west brom handed them a survival lifeline , although they remain bottom of the table .",M2,5.0,4.0,5.0,4.333333333333333,0.34535,0.10853,0.29981,0.35673624288425043,0.1492248062015504,0.13663366336633662,0.39040127396583557,28.48556651533671,0.2224398775324317,0.4479105777515399,0.2762867748149028,0.14142005208521433,0.3362482258468499,0.4588267602134066,0.13892155752501398,25,1149
summeval,dm-test-2cf8c2d1d2ceb1980249f77e703f9039e63799d0,"Sick of awkward father-daughter portraits? Well one photographer has found an effective - if a little odd - way of making them more interesting. Japanese photographer Yûki Aoyama's latest series of images capture po-faced teenagers pictured next to their fathers leaping into the air. In each picture the daughter looks directly into the camera smiling while her father pulls a dramatic pose. A series of images by photographer Yûki Aoyama sees fathers leaping into the air next to their daughters The images are from the 37-year-old's latest book which roughly translates into Daughter and Salary Man. According to the  photographer's website the images allow the father who usually has to act serious to express his fun side by being 'a hero jumping the sky, enfold(ing) strong excitement and hope.' Salary man may refer to the choice of clothing in the shoot which sees each dad in a sharply dressed suit. The images see the fathers pull energetic poses despite their age with some of the expressions of the older fathers looking slightly pained. Very little else is known about the pictures or why they have come into existence but they are already drumming up plenty of interest online for their curious nature. The 37-year-old's images are said to be part of a book which roughly translates as Daughter and Salaryman Each image sees the daughter stood po-faced as their father makes an energetic leap Some of the older fathers adopt a pained expression as they make their jump Each photograph sees the daughter wearing casual clothing with her father in a sharp suit The pictures see the families pose in front of various Japanese landmarks Very little is known about the set of photos but they are already drumming up plenty of interest online Some of the jumps are more subtle than others with this father opting for a classic jump This young girl can't help but giggle at her dad's ambitious leap This dapper dad adds a peace gesture into his final pose This father can't help but jump for joy in his portrait",A series of photos sees Japanese dads jumping next to their daughters. They are part of a new book by Japanese photographer Yûki Aoyama. The book's title roughly translates as Daughter and Salary Man.,Japanese photographer Y ? ki Aoyama's latest series of images capture po-faced teenagers next to their fathers leaping into the air . In each picture the daughter looks directly into the camera smiling while her father pulls a dramatic pose . The 37-year-old's images are said to be part of a book which roughly translates as Daughter and Salary Man . ,M23_dynamicmix,5.0,4.333333333333333,4.666666666666667,3.6666666666666665,0.35932,0.12621,0.30228,0.3820439350525311,0.1795121951219512,0.1535393818544367,0.49786481261253357,0.7567143835953722,0.25485812503053945,0.5462071174248846,0.26737769754778984,0.07074841471847755,0.4864022016602406,0.5453493803625205,0.08352986070084799,26,407
summeval,dm-test-46609841ffd23e9c22d1507edf7b176ecc4d834f,"Former Holland forward and assistant coach Patrick Kluivert has made a winning start in World Cup qualifying as coach of Curacao. The Caribbean island team advanced to the second qualifying round in CONCACAF for the 2018 tournament late Tuesday. Curacao drew 2-2 in a second-leg match at Montserrat to win 4-3 on aggregate. Kluivert's team won 2-1 on Saturday in Willemstad. Patrick Kluivert has helped Curacao progress to the next stage of 2018 World Cup qualification Former Holland assistant Kluivert (far right) worked with Louis van Gaal (centre) at the 2014 World Cup The first-round encounter was headed to extra time on Tuesday until former Holland Under 21 international Charlton Vicento scored in the 87th minute, five minutes after coming on as a substitute. Curacao face Cuba in the next round, on June 8 and 16. Kluivert, whose mother is from Curacao, was a World Cup losing semi-finalist in 1998 as a player, and last year as assistant to coach Louis van Gaal.",Curacao have advanced to the second qualifying round for 2018 World Cup. Patrick Kluivert's side won 4-3 on aggregate to set up match against Cuba. Curacao will face Cuba in next round on June 8 and 16.,"curacao drew 2-2 in a second-leg match at montserrat to win 4-3 on aggregate . patrick kluivert has helped curacao progress to the next stage . kluivert 's mother is from curacao , was a world cup losing semi-finalist in 1998 .",M15,4.666666666666667,3.0,4.666666666666667,2.0,0.34389,0.116,0.31674,0.34841628959276016,0.18793503480278423,0.2285714285714286,0.5222293734550476,23.594670343365504,0.23126491992471065,0.4095859748872513,0.26289063287543013,0.5093373613924113,0.3148275241654228,0.44082089220288523,0.11271295434124526,27,1466
summeval,dm-test-26e4e19d945cedcb489f28808c730658139c9415,"MLS side Orlando City are the latest club to have expressed interest in Manchester United misfit Javier Hernandez. The Mexico international would be a huge commercial draw for the Florida-based franchise who are coached by former Everton and Manchester City striker Adrian Heath. Orlando have a huge Latin-American fanbase and made enquiries last week about the prospect of a deal. Javier Hernandez is linked with a move to Orlando City after enduring a tough time on loan at Real Madrid Orlando have a big Latin-American fanbase and Kaka is the captain of the MLS side Hernandez would be a popular arrival with Orlando supporters but eight European sides are also interested Hernandez has cut a frustrated figure during his loan spell at Real Madrid this season but still has plenty of interest from other Premier League and European sides. Southampton, Stoke, West Ham and Everton are all interested with United willing to sell for around £8million. Wolfsburg, AC Milan, Lazio and Inter Milan are also keen on the 26-year-old who has one year left on contract. United, meanwhile, have made a revised contract offer to teenage prospect Andreas Pereira. Manchester United have made a revised contract offer to 19-year-old Andreas Pereira (right) Periera (left) has a host of clubs across Europe interested in signing him if he does not agree terms at United Paris St Germain, Juventus, PSV Eindhoven and Feyenoord have all made contact with the midfielder's father Marcos after the 19-year-old rejected United's opening offer. Pereira was on the bench against Aston Villa on Saturday.",MLS team Orlando City the latest team to be linked with Javier Hernandez. The Manchester United striker has not impressed on loan at Real Madrid. United have made Andreas Pereira an improved contract offer.,mls side orlando city are the latest club to have expressed interest in manchester united misfit javier hernandez . the mexico international would be a huge commercial draw for the florida-based franchise who are coached by former everton and manchester city striker adrian heath . orlando have a huge latin-american fanbase and made enquiries last week about the prospect of a deal . hernandez has cut a frustrated figure during his loan spell at real madrid .,M15,5.0,3.3333333333333335,5.0,3.0,0.29141,0.07332,0.26687,0.2914110429447853,0.1591263650546022,0.13333333333333333,0.44246575236320496,17.49979168961811,0.24098037179068024,0.39175034886195725,0.25755256877402355,0.04392245814279881,0.31552192225280384,0.4213562191194081,0.16362521673718503,28,1330
summeval,dm-test-c6667409fcdea2c89ba9f0d3a72c50e3967b4b1b,"Everton manager Roberto Martinez was forced to defend another penalty fiasco at the club after Ross Barkley missed from the spot in their 1-0 win against Burnley at Goodison Park. The untried Barkley inexplicably took the 10th minute kick – awarded for a foul by David Jones on Aaron Lennon – rather than Leighton Baines, who has scored 15 penalties from 16 attempts in the Premier League. Although there was no dispute between the team-mates this time, it brought back memories of Everton's match against West Brom in January when Kevin Mirallas grabbed the ball from Baines to take a penalty - and missed. Ross Barkley steps up to take a 10th minute penalty despite the presence of Leighton Baines on the pitch Barkley's effort is saved by Burnley goalkeeper Tom Heaton at Goodison Park Martinez insisted Barkley was within his rights to request penalty-taking duties on Saturday. 'If Romelu Lukaku had been on the pitch, he would have taken it. Otherwise, I am happy to have three or four players who can take penalties and let it depend on how they feel at that moment,' argued the Everton manager. Baines (left) has scored 15 penalties from 16 attempts in the Premier League 'Ross showed incredible responsibility to take it. I love seeing players take control of the big moments and Leighton was happy to given him that responsibility.' Barkley's penalty was well-struck but wasn't put in the corner and Burnley goalkeeper Tom Heaton dived to his right to save. Fortunately for the young England player, it didn't prove costly as Mirallas went on to score the only goal of the game after 29 minutes. Everton boss Roberto Martinez issues instructions to his players during a break in play against Burnley",Everton defeated Burnley 1-0 at Goodison Park on Saturday. Kevin Mirallas scored the only goal of the game in the 29th minute. Ross Barkley had earlier missed a 10th-minute penalty. Leighton Baines has scored 15 penalties from 16 attempts this season.,"Everton's Ross Barkley missed a penalty in the Premier League, but his replacement Leighton Baines had no problem taking the shot. Photo: PA",M20,2.6666666666666665,2.6666666666666665,5.0,4.666666666666667,0.23967,0.07102,0.19559,0.24275862068965515,0.11379800853485064,0.05286343612334802,0.36617806553840637,10.918913749473207,0.1469047479142304,0.3456430265106635,0.26671471719193396,0.10992097230092471,0.099099133843088,0.3121200804804525,0.08834477795977293,29,1436
summeval,dm-test-4a593dc4c7e0b4d09bfdc66bb315c47b54eb15df,"Liverpool vice-captain Jordan Henderson thinks his side could catch Manchester City in the Barclays Premier League having fought through a tough and long season at Anfield. Henderson and Liverpool goalkeeper Simon Mignolet both played their 47th game of season in the 2-0 win over Newcastle United on Monday night, equalling the record for appearances by any player in the top five European leagues so far this campaign. But the England midfielder believes that after finding winning form again following poor results against Manchester United and Arsenal, Liverpool can pile the pressure on to City who sit four points above them in the race for the Champions League. Liverpool vice-captain Jordan Henderson thinks his side could catch Manchester City in the  Premier League Henderson played his 47th game of season in the 2-0 win over Newcastle United on Monday night Manchester City have been faltering and lost 4-2 at Manchester United, Liverpool are four points behind 'We knew it was an important game for us,' Henderson said 'Obviously the last couple of weeks in the Premier League have been disappointing both with performances and results. We knew today we needed to put that right and I think we did that with a great result for us. 'We've got ground to make up but we'll just keep going, keep winning in games and putting in performances. Come the end of the season, you never know.' Raheem Sterling pulled off some fine skill to open the scoring in the ninth minute at Anfield before Joe Allen capitalised on a defensive mistake to score his first Anfield goal with 20 minutes to go. Raheem Sterling pulled off some fine skill to open the scoring in the ninth minute at Anfield on Monday night Joe Allen capitalised on a defensive mistake to score his first Anfield goal to make it 2-0 with 20 minutes to go 'It was great to get that goal to give us that two-goal cushion,' Allen said. 'It wasn't my best game but I got the goal and helped the team. It was important after the defeats.' Newcastle had what looked a strong shout for a penalty when Dejan Lovren appeared to foul Ayoze Perez in the area, and Allen admitted he thought it was a spot-kick. 'I did get a good view of it as I'd missed the ball in the build-up,' he said. 'It look a good shout for a penalty, but I didn't get one the other night. These things happen.' Liverpool's players congratulate Allen on his goal that secured another vital win in the Premier League battle",Liverpool beat Newcastle United 2-0 at Anfield on Monday night. The win moved them to within four points of fourth-place Manchester City. Jordan Henderson has played a Europe-wide record 47 games this season. But he hopes Liverpool have staying power to put pressure on City.,liverpool beat newcastle united 2-0 at anfield on monday night . vice-captain jordan henderson played his 47th game of the season . henderson believes his side can catch manchester city in the premier league .,M23,5.0,5.0,5.0,5.0,0.41413,0.20776,0.39708,0.4214372716199757,0.2503128911138924,0.25482625482625487,0.553286612033844,71.51974352958634,0.33305636356281537,0.4349490664145574,0.4293863498728635,0.8402961367429679,0.4557987858824273,0.566204594835825,0.14294292169411008,30,859
summeval,dm-test-4001b252a072ac149c70840b22299cc6cfab3bae,"Radamel Falcao's former Monaco team-mate Nabil Dirar believes the Colombian must be regretting his failed loan move to Manchester United even though he was not happy in France. The former Atletico Madrid striker moved to Old Trafford on a season-long loan  last summer but has struggled to hit the heights he achieved before suffering a serious knee injury. United will have to pay £46million to make Falcao's transfer permanent but having only scored four goals all season Louis van Gaal's side are unlikely to take up that option. Radamel Falcao has struggled for Manchester United during his season-long loan Falcao has struggled to reach the heights he achieved before suffering a serious knee injury And Dirar has revealed that Falcao was not happy in France but thinks he would have been better off staying at Monaco. 'I think Falcao must be biting his fingers [ruing the fact] he's gone,' he told Le Parisien. 'Here, he would have played and participated in the Champions League. But he may need more atmosphere. 'In Monaco, he was not feeling well.'",Radamel Falcao joined Manchester United on on loan last summer. Striker has only managed four goals in a disappointing season. Nabil Dirar said he would have been better off saying at Monaco.,radamel falcao joined manchester united on a season-long loan last summer . the colombian has struggled to hit the heights he achieved at old trafford . united will have to pay £46million to make falcao's transfer permanent .,M23,5.0,4.666666666666667,5.0,3.6666666666666665,0.29638,0.08121,0.2647,0.29806598407281,0.15169194865810967,0.1029940119760479,0.45570769906044006,29.512829627446507,0.214580760277715,0.37061116520582577,0.2681161294701172,0.29867057701061595,0.2175463395033549,0.3773488068313664,0.13063851001529592,31,451
summeval,dm-test-8b51a10370a1219137e231192e65b9cd52238ea6,"There would have been no mercy in the dressing room. Nothing is sacred in the team. When Ben Stokes first turned up at the Kensington Oval this week someone would have said: ‘Mind that locker, Stokesey.’ It was here, of course, that Stokes broke his wrist punching a locker after being dismissed last year and that will be a reminder to him of the need to channel his aggression in the right way now he is back in the England team. Ben Stokes has forged a reputation as a fiery character in the England cricket team Stokes (left) clashed with Marlon Samuels during the second Test between West Indies and England But Stokes (right) responded positively to the row after talking to England coach Peter Moores Only a slight niggle in his back might stop Stokes playing here in Barbados and I am glad he has fought his way back after what has been a year of ups and downs. I like Stokes and I like his character at a time when the game can be perceived as producing robots and players who cannot capture the imagination. He has something about him, as he showed when he was in Mitchell Johnson’s face during the Ashes series. He was not worried about the bombardment he would get in return. But I do believe he will need careful man-managing. Peter Moores, England’s coach, dragged him to one side after his clash with Marlon Samuels in the second Test and had a long chat with him and if it was to talk about how he should respond then the advice he gave was clearly right. The way he approached the Jamaican after that third-day salute was spot on. England must make sure they do not quash that natural exuberance and desire to take someone on. It will not always come off but we have to accept that there will be lows as well as highs with this lad. What Stokes must not do is try to live up to his reputation and become pigeon-holed. He can be feisty and fiery as long as it’s natural but his aggression has to be controlled. You want the character as long as the end product is runs and wickets. Stokes (second left) can use his aggression to bring runs and wickets to the England team Stokes (left) congratulates England captain Alastair Cook after the side won the second Test England want to have Stokes in the team as much as possible to help him hit his full potential Let him go a bit but rein him in occasionally. There is an argument here to play the second spinner in Adil Rashid and if England went down that route in Bridgetown the place of Stokes or Chris Jordan would come into question but they clearly want both to play as much as possible. This summer there will rarely be the need for two spinners so England want these two exciting cricketers to grow into the international game. They can only get better and that’s an exciting prospect.","Ben Stokes returns to the ground where he broke his wrist hitting a locker. He clashed with West Indies batsman Marlon Samuel in the second Test. But his aggression, when controlled, is important to England.",ben stokes has forged a reputation as a fiery character in the england cricket team . stokes clashed with marlon samuels during the second test between west indies and england . but stokes responded positively to the row after talking to england coach peter moores .,M13,5.0,4.0,5.0,4.333333333333333,0.36424,0.11764,0.29139,0.36644591611479027,0.1832579185520362,0.1902552204176334,0.4898466169834137,25.534695899694817,0.2453033146113192,0.38758494783609143,0.3931340693905835,0.24649934652923952,0.336767344620966,0.45594929145580587,0.16878688105761433,32,919
summeval,dm-test-801763443e6c73e3857039f2223798b2b58bef19,"Gregory van der Wiel has denied claims that he is set to leave Paris Saint-Germain in the summer and instead reiterated his 'love' for the club. The Dutchman recently had a falling out with his boss Laurent Blanc after the decision to drop the full back for the Champions League clash against Chelsea. But Van der Wiel insists he's happy in Paris and is making no plans to leave the Ligue 1 side. Gregory van der Wiel (right) says he's not interested in leaving Paris Saint-Germain in the summer The full back had a recent spat with the manager Laurent Blanc (right) after he was dropped He told L'Equipe: 'I am genuinely happy at PSG. 'I love the club, I love the city and I love my team-mates. Everything is perfect for me here. 'There is absolutely no reason for me to leave. I want to sign a new contract. 'If the coach decides not to play me, that is his decision. But I am ready whenever I am called upon.' The Parisians continue to be linked with Barcelona star Dani Alves, so it remains to be seen whether Van der Wiel has any choice in staying with the club. Dani Alves (left) is being linked with a move to the French champions and Van der Wiel could be sold",Gregory van der Wiel doesn't want to leave PSG in the summer window. The Dutchman revealed his 'love' for the club and his team-mates. PSG continue to be linked with a move for Barcelona full back Dani Alves.,Gregory van der Wiel says he's not interested in leaving Paris Saint-Germain . The full back had a recent spat with manager Laurent Blanc . Van der Wiel wants to sign a new contract at the French champions . ,M23_dynamicmix,4.666666666666667,4.333333333333333,5.0,3.6666666666666665,0.35308,0.16894,0.30472,0.3781818181818182,0.22914072229140722,0.23559539052496797,0.6319171786308289,1.1216940038341034,0.358758477103137,0.5783382223099703,0.4446210824735979,0.8304247425108501,0.4167513121489348,0.5319497180524544,0.13167269513127483,33,1206
summeval,dm-test-97bbda7ec22a736cd174b51513c72a6372d13d35,"The glowing blue letters that once lit the Bronx from above Yankee Stadium failed to find a buyer at an auction at Sotheby's on Wednesday. While the 13 letters were expected to bring in anywhere from $300,000 to $600,000, the only person who raised a paddle - for $260,000 - was a Sotheby's employee trying to jump start the bidding. The current owner of the signage is Yankee Hall of Famer Reggie Jackson, who purchased the 10-feet-tall letters for an undisclosed amount after the stadium saw its final game in 2008. No love: 13 letters that hung over Yankee Stadium were estimated to bring in anywhere from $300,000 to $600,000, but received no bids at a Sotheby's auction Wednesday The 68-year-old Yankee said he wanted 'a new generation to own and enjoy this icon of the Yankees and of New York City.' The letters had beamed from atop Yankee Stadium near Grand Concourse in the Bronx since 1976, the year before Jackson joined the team. ESPN reports Jackson, who attended the auction, bought the letters 'on a lark.' Jackson joked that once he saw the size of the letters, some of which are also 10-feet-wide, he realized he might have gotten ahead of himself. He promised before the auction that if the letters were bought by a bidder in the United States, he would fly out to see the signage himself at the winner's home. Yankee Stadium: The letters at the stadium, which was built in 1923, were installed in 1976 and taken down in 2008 In addition to the letters, Sotheby's was auctioning off a New York Mets bullpen car from the late 60s. Despite the Mets memorabilia being estimated at only $20,000 to $30,000, it raked in a winning bid of $112,500 at auction.","The Yankee Stadium signage was bought by Hall of Famer Reggie Jackson when the stadium was shuttered in 2008 for an undisclosed sum. Before the auction, Jackson had promised to fly out himself to see the letters at the winner's home.","The Yankees' iconic stadium in New York City was sold at a Sotheby's auction Wednesday. The letters that were once lit from atop Yankee Stadium were expected to bring in anywhere from $300,000 to $600,000.",M20,1.6666666666666667,4.333333333333333,5.0,4.0,0.39191,0.11996,0.32588,0.39829605963791265,0.1984732824427481,0.1899441340782123,0.5189715027809143,27.24702666245291,0.1918794625367056,0.4080813294776352,0.2955413484565652,0.40980183584842833,0.3125571074011282,0.4375027836240254,0.1519251811882462,34,569
summeval,dm-test-c50d33e9749e7bb484d9b69c4f5fca35a3a50cb5,"A young accountant fell down a 70ft cliff to his death when he ran from a taxi to avoid paying the fare. Graduate Jacob Phillips, 23, plunged down the cliff when he leapt over a fence in the dark. Mr Phillips had caught the cab home after a night out with friends in December – but didn’t have enough cash to pay for it. An inquest heard he ran from the driver, who gave chase at the seaside town of Penarth, South Wales. Cabbie Dave Sidaway told the inquest: ‘I stopped because I couldn’t see where I was going. I had no idea how much danger he was in.’ Jacob Phillips, 23, was found dead at the end of the disused Northern Promenade, a rocky area at the base of the cliff The university graduate had been out drinking in Cardiff before catching a taxi with friends Padraig Crowley and Rory Robinson. Cardiff Coroner’s Court heard how the trio got out of the taxi to ‘use an ATM’ before making a run for it. ‘The plan was to go to Penarth but we did not have enough money for the taxi – I ran off in one direction, Jacob went in another direction,’ Mr Robinson told the inquest. ‘Running away from the taxi was a stupid thing to do.’ Mr Phillips, of Reading, Berks, was discovered the next day on the rocky beach by a dog walker. Paramedics arrived at the scene after his body was discovered in the morning by a dog walker A long way down: Mr Phillips fell down this cliff after a night out.  Tthe taxi driver said he would not have left him if he knew where they were Recording a verdict of accidental death, coroner Andrew Barkley said: ‘It is likely that he became disorientated and there is no evidence that he knew where he was at the time. ‘There is no way he could have known the danger that lay in front of him. The following day with the benefit of light it was clear the danger he faced by the sheer drop off the cliff just yards beyond the fence.’ Mr Phillips worked for Pretty Green, the clothing label run by Oasis star Liam Gallagher. He had grown up in Barry, South Wales, before studying accountancy at the University of Birmingham. The inquest heard that he had returned to Wales for Christmas and had been staying with his mother in the upmarket Cowbridge area. Mr Phillips had planned to stay at a friend’s house but he and his friends didn’t have enough money to complete the journey, so decided to trick the driver by ‘dodging’ the fare. Mr Phillips ran off into the ‘pitch black’ and fell down a cliff at the end of the disused Northern Promenade – also called The Dardanelles. Police search the scene at the bottom of the cliff where his body was discovered","Jacob Phillips plunged down cliff after leaping over a fence in the dark. Got out of the taxi to 'use an ATM' before running away, inquest heard.",Jacob Phillips fell down a 70ft cliff to his death in Cardiff.,M20,5.0,3.3333333333333335,5.0,5.0,0.25373,0.08172,0.22761,0.2593984962406015,0.10588235294117648,0.0860655737704918,0.4501757323741913,13.21052697423741,0.16458469169132595,0.29222869644036037,0.1863634753748843,0.006677226658962625,0.09671298135923967,0.31807221682598186,0.05794042019144631,35,1657
summeval,dm-test-8764fb95bfad8ee849274873a92fb8d6b400eee2,"Paul Merson has restarted his row with Andros Townsend after the Tottenham midfielder was brought on with only seven minutes remaining in his team's 0-0 draw with Burnley on Sunday. 'Just been watching the game, did you miss the coach? #RubberDub #7minutes,' Merson put on Twitter. Merson initially angered Townsend for writing in his Sky Sports column that 'if Andros Townsend can get in (the England team) then it opens it up to anybody.' Paul Merson had another dig at Andros Townsend after his appearance for Tottenham against Burnley Townsend was brought on in the 83rd minute for Tottenham as they drew 0-0 against Burnley Andros Townsend scores England's equaliser in their 1-1 friendly draw with Italy in Turin on Tuesday night The former Arsenal man was proven wrong when Townsend hit a stunning equaliser for England against Italy and he duly admitted his mistake. 'It's not as though I was watching hoping he wouldn't score for England, I'm genuinely pleased for him and fair play to him – it was a great goal,' Merson said. 'It's just a matter of opinion, and my opinion was that he got pulled off after half an hour at Manchester United in front of Roy Hodgson, so he shouldn't have been in the squad. 'When I'm wrong, I hold my hands up. I don't have a problem with doing that - I'll always be the first to admit when I'm wrong.' Townsend hit back at Merson on Twitter after scoring for England against Italy Sky Sports pundit  Merson (centre) criticised Townsend's call-up to the England squad last week Townsend hit back at Merson after netting for England in Turin on Wednesday, saying 'Not bad for a player that should be 'nowhere near the squad' ay @PaulMerse?' Any bad feeling between the pair seemed to have passed but Merson was unable to resist having another dig at Townsend after Tottenham drew at Turf Moor.",Andros Townsend an 83rd minute sub in Tottenham's draw with Burnley. He was unable to find a winner as the game ended without a goal. Townsend had clashed with Paul Merson last week over England call-up.,paul merson has restarted his row with andros townsend after the tottenham midfielder was brought on with only seven minutes remaining in his team 's 0-0 draw with burnley . townsend was brought on in the 83rd minute for tottenham as they drew 0-0 against burnley . paul merson had another dig at andros townsend after scoring for england against italy .,M8,3.0,2.3333333333333335,4.666666666666667,1.6666666666666667,0.29468,0.08534,0.26853,0.2946817785527463,0.1671111111111111,0.1686310063463282,0.4189983904361725,20.470790690663236,0.2204276652764215,0.3698212512344353,0.2258964829200617,0.007830033157087312,0.3141461110135023,0.4297917069517647,0.10620785018482702,36,13
summeval,dm-test-6372eff07fd3d6f578f90d6115e01747edccc095,"Space lasers are best known for blowing people - and planets - up in science fiction, and even the odd Bond movie. But one Scottish scientist is hoping they could, in fact, be the answer to heating our homes in the future. However, he hasn't ruled out the chance of someone could potentially use them for weapons. Space lasers: Dr Adrian Quarterman has suggested space lasers could be used to power homes in the future - but says the beams will be nowhere near as powerful as imagined in films like Star Wars (pictured) Dr Adrian Quarterman, of Dundee University, is working on a laser which will convert sun beams into energy, The Times reported. The satellites will orbit the earth, covered in mirrors to help it harvest the sunlight and convert it into laser light. The energy it then creates, using semi-conductors, can be shot back down to earth. If it works, it could mean solar power could even become viable in Scotland, or be able to restore power instantly to disaster hit areas. The physicist told The Times: 'What this will do is be able to fire at solar panels to boost the energy they are receiving.' Initial trials in Scotland were successful, but Dr Quarterman is now hoping to move the trials to Portugal. Similar?: Tokyo rresearchers have proposed a laser system to attach to the ISS which would be used to shoot down pieces of debris in Earth orbit (artist's illustration shown) Unlike the lasers in the movies, however, they will not be powerful enough to blind a pigeon, let alone blow up a planet. And it is quite different from ideas unveiled in a paper earlier this week, which could see the International Space Station fitted with lasers to clear up 'space junk'. The system, suggested by researchers at the Riken research institute in Tokyo, would use a telescope already mounted on the station to find and target pieces of debris up to 62 miles (100km) away. Powerful pulses from the laser would then push space junk into Earth’s atmosphere, where it would burn up. But this laser would also not be powerful enough to be turned into a weapon: the pieces it targets will be less than a centimetre in size. However, Dr Quarterman has acknowledged you 'might possibly have to worry a bit about who is in control' of his satellites.",Dr Adrian Quarterman has suggested mirrored satellites to collect sunlight. The beams can then be converted into laser light and sent down to earth. The physicist  believes it could even make solar power feasible in Scotland. But he admits you might need to worry about who is in control of them.,"dundee university's dr adrian quarterman has suggested space lasers could be used to power homes in the future . the satellites will orbit the earth, covered in mirrors to help it harvest the sunlight and convert it into laser light . the energy it then creates, using semi-conductors, can be shot back down to earth . initial trials in scotland were successful, but dr quarterman is now hoping to move the trials to portugal .",M17,5.0,4.666666666666667,5.0,5.0,0.30387,0.09779,0.27442,0.3214285714285714,0.1627172195892575,0.18006430868167203,0.4495367109775543,30.602117194649303,0.22574155388643097,0.43330327927927725,0.23259926801205744,0.004785141923702806,0.3436266721466439,0.4534982576204599,0.09139952988032725,37,1554
summeval,dm-test-c50d33e9749e7bb484d9b69c4f5fca35a3a50cb5,"A young accountant fell down a 70ft cliff to his death when he ran from a taxi to avoid paying the fare. Graduate Jacob Phillips, 23, plunged down the cliff when he leapt over a fence in the dark. Mr Phillips had caught the cab home after a night out with friends in December – but didn’t have enough cash to pay for it. An inquest heard he ran from the driver, who gave chase at the seaside town of Penarth, South Wales. Cabbie Dave Sidaway told the inquest: ‘I stopped because I couldn’t see where I was going. I had no idea how much danger he was in.’ Jacob Phillips, 23, was found dead at the end of the disused Northern Promenade, a rocky area at the base of the cliff The university graduate had been out drinking in Cardiff before catching a taxi with friends Padraig Crowley and Rory Robinson. Cardiff Coroner’s Court heard how the trio got out of the taxi to ‘use an ATM’ before making a run for it. ‘The plan was to go to Penarth but we did not have enough money for the taxi – I ran off in one direction, Jacob went in another direction,’ Mr Robinson told the inquest. ‘Running away from the taxi was a stupid thing to do.’ Mr Phillips, of Reading, Berks, was discovered the next day on the rocky beach by a dog walker. Paramedics arrived at the scene after his body was discovered in the morning by a dog walker A long way down: Mr Phillips fell down this cliff after a night out.  Tthe taxi driver said he would not have left him if he knew where they were Recording a verdict of accidental death, coroner Andrew Barkley said: ‘It is likely that he became disorientated and there is no evidence that he knew where he was at the time. ‘There is no way he could have known the danger that lay in front of him. The following day with the benefit of light it was clear the danger he faced by the sheer drop off the cliff just yards beyond the fence.’ Mr Phillips worked for Pretty Green, the clothing label run by Oasis star Liam Gallagher. He had grown up in Barry, South Wales, before studying accountancy at the University of Birmingham. The inquest heard that he had returned to Wales for Christmas and had been staying with his mother in the upmarket Cowbridge area. Mr Phillips had planned to stay at a friend’s house but he and his friends didn’t have enough money to complete the journey, so decided to trick the driver by ‘dodging’ the fare. Mr Phillips ran off into the ‘pitch black’ and fell down a cliff at the end of the disused Northern Promenade – also called The Dardanelles. Police search the scene at the bottom of the cliff where his body was discovered","Jacob Phillips plunged down cliff after leaping over a fence in the dark. Got out of the taxi to 'use an ATM' before running away, inquest heard.","jacob phillips , 23 , plunged down the cliff when he leapt over a fence in the dark . graduate jacob phillips , 23 , was found dead at the end of the disused northern promenade , a rocky area at the base of the cliff . cabbie dave sidaway told the inquest : ` i had no idea how much danger he was in ' .",M13,5.0,3.3333333333333335,5.0,2.6666666666666665,0.24902,0.05211,0.22549,0.25000000000000006,0.10060362173038229,0.11934156378600823,0.36185967922210693,21.163065413849587,0.23583954270145183,0.3984919377262671,0.10978260286340957,0.020753314841056095,0.17884315480518764,0.34965811954225257,0.12741584671053335,38,1650
summeval,cnn-test-d75b043ebefc3098aea84d92bb8bec0f509b1563,"(CNN)Eight Iranian border guards have been killed in clashes with militants near the border with Pakistan, Iranian state media reported. Three of the militants were killed by Iranian forces in the fighting Monday in the southeastern town of Negur, the state-run news agency IRNA reported. The news agency cited Ali Asghar Mirshekari, the deputy governor of Iran's Sistan-Baluchestan province, who said the militants crossed into the country from Pakistan. Iranian officials have reportedly asked Pakistani authorities to catch the surviving assailants. A militant group called Jaish al Adal claimed responsibility for the attack, according to Iranian state media and a Twitter account believed to be associated with the organization. According to Pakistani media, Jaish al Adal is an anti-Iranian group that has emerged during recent years in areas of Balochistan, the restive Pakistani province that borders southeastern Iran. The Sunni Muslim group has targeted Shiites and says it aims to thwart Iranian influence in Pakistan, according to the Pakistani newspaper Dawn. Jaish al Adal has also claimed responsibility for attacks on Iranian territory. One of the deadliest was in October 2013, when 14 Iranian border guards were killed near the city of Saravan. Iranian authorities say that after similar attacks, the militants have fled back into Balochistan. ""Iran has repeatedly criticized its eastern neighbor for failing to rein in the terrorists,"" IRNA said, referring to Pakistan. The Pakistani government condemned Monday's attack, calling it an ""act of terrorism."" ""The concerned security agencies of Pakistan are actively investigating this incident, which took place on Iran's territory, and have asked Iranian authorities to share with us any evidence that they have,"" the government said in a statement Wednesday. If the militants entered Pakistan after the attack, ""they will be apprehended and brought to justice,"" it said.",The Pakistani government says its security agencies are investigating. A group believed to be based in Pakistan's Balochistan province claims responsibility.,three of the militants were killed by iranian forces in the fighting monday in the southeastern town of negur . iranian officials have reportedly asked pakistani authorities to catch the surviving assailants . jaish al adal has also claimed responsibility for the attack .,M14,5.0,3.0,5.0,3.0,0.3871,0.15051,0.35484,0.401985111662531,0.2066326530612245,0.16535433070866143,0.6334624886512756,41.11486328181899,0.338386281710041,0.5717790200775066,0.3883362550920463,0.30190862248948047,0.4078347182713006,0.5121189588548772,0.13116742006341678,39,326
summeval,dm-test-c6667409fcdea2c89ba9f0d3a72c50e3967b4b1b,"Everton manager Roberto Martinez was forced to defend another penalty fiasco at the club after Ross Barkley missed from the spot in their 1-0 win against Burnley at Goodison Park. The untried Barkley inexplicably took the 10th minute kick – awarded for a foul by David Jones on Aaron Lennon – rather than Leighton Baines, who has scored 15 penalties from 16 attempts in the Premier League. Although there was no dispute between the team-mates this time, it brought back memories of Everton's match against West Brom in January when Kevin Mirallas grabbed the ball from Baines to take a penalty - and missed. Ross Barkley steps up to take a 10th minute penalty despite the presence of Leighton Baines on the pitch Barkley's effort is saved by Burnley goalkeeper Tom Heaton at Goodison Park Martinez insisted Barkley was within his rights to request penalty-taking duties on Saturday. 'If Romelu Lukaku had been on the pitch, he would have taken it. Otherwise, I am happy to have three or four players who can take penalties and let it depend on how they feel at that moment,' argued the Everton manager. Baines (left) has scored 15 penalties from 16 attempts in the Premier League 'Ross showed incredible responsibility to take it. I love seeing players take control of the big moments and Leighton was happy to given him that responsibility.' Barkley's penalty was well-struck but wasn't put in the corner and Burnley goalkeeper Tom Heaton dived to his right to save. Fortunately for the young England player, it didn't prove costly as Mirallas went on to score the only goal of the game after 29 minutes. Everton boss Roberto Martinez issues instructions to his players during a break in play against Burnley",Everton defeated Burnley 1-0 at Goodison Park on Saturday. Kevin Mirallas scored the only goal of the game in the 29th minute. Ross Barkley had earlier missed a 10th-minute penalty. Leighton Baines has scored 15 penalties from 16 attempts this season.,"ross barkley missed from the spot in their 1-0 win against burnley at goodison park . the untried barkley inexplicably took the 10th minute kick -- awarded for a foul by david jones on aaron lennon -- rather than leighton baines , who has scored 15 penalties from 16 attempts in the premier league . baines scored 15 penalties from 16 attempts in the premier league .",M13,4.666666666666667,3.3333333333333335,4.666666666666667,1.6666666666666667,0.25874,0.04813,0.21503,0.28171478565179353,0.09455842997323818,0.07279344858962693,0.48220109939575195,18.830497559357738,0.26768729915006784,0.4251136336949183,0.3654720755018461,0.04015969292709605,0.18080757670374914,0.347466403159032,0.12646109734123295,40,1429
summeval,dm-test-4a593dc4c7e0b4d09bfdc66bb315c47b54eb15df,"Liverpool vice-captain Jordan Henderson thinks his side could catch Manchester City in the Barclays Premier League having fought through a tough and long season at Anfield. Henderson and Liverpool goalkeeper Simon Mignolet both played their 47th game of season in the 2-0 win over Newcastle United on Monday night, equalling the record for appearances by any player in the top five European leagues so far this campaign. But the England midfielder believes that after finding winning form again following poor results against Manchester United and Arsenal, Liverpool can pile the pressure on to City who sit four points above them in the race for the Champions League. Liverpool vice-captain Jordan Henderson thinks his side could catch Manchester City in the  Premier League Henderson played his 47th game of season in the 2-0 win over Newcastle United on Monday night Manchester City have been faltering and lost 4-2 at Manchester United, Liverpool are four points behind 'We knew it was an important game for us,' Henderson said 'Obviously the last couple of weeks in the Premier League have been disappointing both with performances and results. We knew today we needed to put that right and I think we did that with a great result for us. 'We've got ground to make up but we'll just keep going, keep winning in games and putting in performances. Come the end of the season, you never know.' Raheem Sterling pulled off some fine skill to open the scoring in the ninth minute at Anfield before Joe Allen capitalised on a defensive mistake to score his first Anfield goal with 20 minutes to go. Raheem Sterling pulled off some fine skill to open the scoring in the ninth minute at Anfield on Monday night Joe Allen capitalised on a defensive mistake to score his first Anfield goal to make it 2-0 with 20 minutes to go 'It was great to get that goal to give us that two-goal cushion,' Allen said. 'It wasn't my best game but I got the goal and helped the team. It was important after the defeats.' Newcastle had what looked a strong shout for a penalty when Dejan Lovren appeared to foul Ayoze Perez in the area, and Allen admitted he thought it was a spot-kick. 'I did get a good view of it as I'd missed the ball in the build-up,' he said. 'It look a good shout for a penalty, but I didn't get one the other night. These things happen.' Liverpool's players congratulate Allen on his goal that secured another vital win in the Premier League battle",Liverpool beat Newcastle United 2-0 at Anfield on Monday night. The win moved them to within four points of fourth-place Manchester City. Jordan Henderson has played a Europe-wide record 47 games this season. But he hopes Liverpool have staying power to put pressure on City.,jordan henderson thinks his side could catch manchester city . henderson and simon mignolet both played their 47th game of season . england midfielder believes liverpool can pile the pressure on to city . henderson played his 47th game of season in 2-0 win over newcastle united . jordan henderson believes his side could catch manchester city in the premier league .,M9,5.0,3.0,5.0,2.3333333333333335,0.36129,0.13546,0.33549,0.3631336405529954,0.18438381937911572,0.19020172910662825,0.5004212260246277,38.641966286978956,0.26364177547806117,0.43429502484936905,0.28233810694991657,0.023190604594582956,0.46432977706142253,0.5502088820537078,0.16824898105193542,41,865
summeval,cnn-test-a02e362c5b8f049848ce718b37b96117485461cf,"(CNN)A fiery sunset greeted people in Washington Sunday. The deep reddish color caught Seattle native Tim Durkan's eye. He photographed a handful of aerial shots of the sunset warming the city's skyline and shared them on CNN iReport. The stunning sunsets were the result of raging wildfires in parts of Siberia. ""The dramatic sunsets began showing up over the weekend and had Seattle locals wondering where the amber-colored haze was originating from,"" Durken said. The fires were started in southeastern Siberia, by farmers burning grass in their fields. But on April 14, it is believed that the flames quickly grew out of control because of strong winds and spread throughout the region, according to CNN affiliate KOMO-TV. As a result, the fires have destroyed dozens of villages in the region. Rescue crews were able to put out the flames. However, the lingering smoke from the widespread fires were picked up by atmospheric winds. The winds carried the smoke from Siberia across the Pacific Ocean and brought it to the Pacific Northwest. Parts of Oregon, Washington and British Columbia are seeing the results of the smoke, wind and solar light combination. The reason people are seeing an intense red sunset is a result of smoke particles filtering out the shorter wavelength colors from the sunlight like greens, blues, yellows and purples, KOMO-TV said. That means colors like red and orange are able to penetrate the air unfiltered. The colors are especially intense during sunrises and sunsets because there is more atmosphere for the light to travel through to get to a person's eye. As the smoke starts to dissipate, air quality will get better and these fiery sunsets will lose their reddish hue.","Smoke from massive fires in Siberia created fiery sunsets in the Pacific Northwest. Atmospheric winds carried smoke from the wildfires across the Pacific Ocean. Smoke particles altered wavelengths from the sun, creating a more intense color.",Fires started in southeastern Siberia on April 14 . Winds carried the smoke from the fires across the Pacific Ocean . ,M23_dynamicmix,5.0,4.666666666666667,5.0,5.0,0.25932,0.07395,0.23339,0.27876823338735823,0.14789915966386552,0.11867364746945899,0.5405921339988708,1.8160849415439309,0.16180394952830893,0.32928425836675856,0.21520294867725542,0.06452013049010537,0.13991676881369974,0.33349933032729806,0.05550968985834005,42,696
summeval,dm-test-9b1af0f993d78353ebd56a1b180e882e751527b3,"Family and friends of man shot dead by police last month are in shock after a billboard featuring the officer who pulled the trigger was erected in Kenosham, Wisconsin. Aaron Siler, 26, was fatally shot after he 'armed himself with a weapon' after being confronted by officer Pablo Torres on March 14. Torres is currently on leave pending the outcome of the investigation into the deadly shooting. In the meantime a billboard, paid for by the Kenosha Professional Police Association, has been erected featuring a photograph of Torres and his dog. 'Thank you for your support, Kenosha,' it reads. Scroll down for more Family and friends of Aaron Siler, a man shot dead by police last month, are in shock after a billboard featuring the officer who pulled the trigger, Pablo Torres, was erected in Kenosham, Wisconsin 'I felt like they were saying thank you for killing Aaron': Family friend Kathy Willie called the billboard 'disrespectful' and said it should be taken down Siler's family and friends have called the billboard 'disrespectful' and are asking for it be taken down. 'I felt like they were saying thank you for killing Aaron,' said family friend Kathy Willie. She told WISN that Siler's mother started crying when she heard about the billboard. 'Why are they doing this to us?' she asked. The Kenosha Professional Police Association claims that no offence was intended and that the billboard was simply to thank the community for its support. 'The recent incidents in the community have greatly impacted many people including the officer, his family and the entire police department,' the police association said in a statement. 'We have been humbled by the outpouring of support the community has given us and we wanted to simply say thank you for that support.' Aaron Siler, right, was fatally shot after he 'armed himself with a weapon' after being confronted by officer Pablo Torres, left, on March 14 A car is damaged after a police chase: Siler, who was wanted on an active felony probation and parole warrant, was shot and killed by Torres following a vehicle and foot pursuit Siler, who was wanted on an active felony probation and parole warrant, was shot and killed by Torres following a vehicle and foot pursuit. That shooting came just 10 days after Torres, responding to a report of a suicidal man, shot 66-year-old Terry Knight, who was armed with two knives. Knight was wounded in the stomach and was charged with second-degree recklessly endangering safety. Kenosha police asked agents from the state Division of Criminal Investigation to investigate both shootings. The investigation into the shooting of Knight was turned over to District Attorney Robert Zapf's office on March 20, and he determined this month that the shooting was justified. The investigation into Siler's death continues.","The billboard erected in Kenosha, Wisconsin, features the smiling face of officer Pablo Torres after he shot dead Aaron Siler, 26, last month. Torres is currently on leave while an investigation is being held into the deadly shooting. Siler's family and friends have called the billboard 'disrespectful' and are asking for it be taken down. The Kenosha Professional Police Association claims the billboard is simply to thank the local community for its support. Torres shot another man 10 days before Siler killing.","Aaron Siler , 26 , was fatally shot after he ` armed himself with a weapon ' after being confronted by officer Pablo Torres on March 14 . Torres is currently on leave pending the outcome of the investigation into the deadly shooting . A billboard , paid for by the Kenosha Professional Police Association , has been erected featuring a photograph of Torres and his dog . Siler 's family and friends have called the billboard ` disrespectful '",M22,5.0,4.666666666666667,4.666666666666667,5.0,0.38119,0.12489,0.32578,0.3895885810243493,0.1881950384944397,0.19354838709677422,0.5700042247772217,35.45270380440821,0.26638649174523654,0.5561464390858217,0.4121552993655432,0.01685560096126966,0.4763554910550062,0.5438536678075532,0.16652486434690927,43,318
summeval,dm-test-130ff8f2dfb6ab67861d5924b0ff5acd63c7d8ce,"Relegation-threatened Romanian club Ceahlaul Piatra Neamt have sacked Brazilian coach Ze Maria for the second time in a week. Former Brazil defender Ze Maria was fired on Wednesday after a poor run, only to be reinstated the next day after flamboyant owner Angelo Massone decided to 'give the coaching staff another chance.' But the 41-year-old former Inter Milan and Parma right back, capped 25 times by Brazil, angered Massone again after Ceahlaul were beaten 2-0 by mid-table FC Botosani on Saturday. Ze Maria represented Brazil on 25 occasions during an international career spanning five years The result left Ceahlaul 16th in the standings, six points adrift of safety. Ze Maria replaced Florin Marin in January to become Ceahlaul's third coach this season. He will be replaced by Serbian Vanya Radinovic.",Romanian club Ceahlaul Piatra Neamt sacked Ze Maria on Wednesday. But the former Brazil international was  reinstated the next day. He was then sacked again following a defeat on Saturday.,"relegation-threatened piatra have sacked brazilian coach ze maria for the second time . former brazil defender was fired on wednesday after a poor run . maria represented brazil on 25 occasions during an international career . ceahlaul 16th in the standings , six points adrift of safety .",M9,5.0,4.0,4.666666666666667,2.0,0.33253,0.11139,0.27952,0.3469879518072289,0.15594059405940594,0.18066157760814247,0.3944467008113861,27.44933730698297,0.23610567675872582,0.42173607123117907,0.20162372464132483,0.22232150157616562,0.330127388422356,0.455776477854255,0.09090134771291981,44,440
summeval,dm-test-6372eff07fd3d6f578f90d6115e01747edccc095,"Space lasers are best known for blowing people - and planets - up in science fiction, and even the odd Bond movie. But one Scottish scientist is hoping they could, in fact, be the answer to heating our homes in the future. However, he hasn't ruled out the chance of someone could potentially use them for weapons. Space lasers: Dr Adrian Quarterman has suggested space lasers could be used to power homes in the future - but says the beams will be nowhere near as powerful as imagined in films like Star Wars (pictured) Dr Adrian Quarterman, of Dundee University, is working on a laser which will convert sun beams into energy, The Times reported. The satellites will orbit the earth, covered in mirrors to help it harvest the sunlight and convert it into laser light. The energy it then creates, using semi-conductors, can be shot back down to earth. If it works, it could mean solar power could even become viable in Scotland, or be able to restore power instantly to disaster hit areas. The physicist told The Times: 'What this will do is be able to fire at solar panels to boost the energy they are receiving.' Initial trials in Scotland were successful, but Dr Quarterman is now hoping to move the trials to Portugal. Similar?: Tokyo rresearchers have proposed a laser system to attach to the ISS which would be used to shoot down pieces of debris in Earth orbit (artist's illustration shown) Unlike the lasers in the movies, however, they will not be powerful enough to blind a pigeon, let alone blow up a planet. And it is quite different from ideas unveiled in a paper earlier this week, which could see the International Space Station fitted with lasers to clear up 'space junk'. The system, suggested by researchers at the Riken research institute in Tokyo, would use a telescope already mounted on the station to find and target pieces of debris up to 62 miles (100km) away. Powerful pulses from the laser would then push space junk into Earth’s atmosphere, where it would burn up. But this laser would also not be powerful enough to be turned into a weapon: the pieces it targets will be less than a centimetre in size. However, Dr Quarterman has acknowledged you 'might possibly have to worry a bit about who is in control' of his satellites.",Dr Adrian Quarterman has suggested mirrored satellites to collect sunlight. The beams can then be converted into laser light and sent down to earth. The physicist  believes it could even make solar power feasible in Scotland. But he admits you might need to worry about who is in control of them.,"Dr Adrian Quarterman, of Dundee University, is working on a laser which will convert sun beams into energy . If it works, it could mean solar power could become viable in Scotland, or be able to restore power instantly to disaster hit areas . ",M23_dynamicmix,5.0,4.333333333333333,5.0,4.666666666666667,0.22761,0.03884,0.19178,0.28299894403379094,0.09513513513513515,0.09523809523809525,0.41424161195755005,0.9044512123285878,0.15774174008587108,0.34989084846396884,0.27321239060160374,0.2825912487766242,0.12814843841104995,0.3183881738611547,0.08239279335748943,45,1563
summeval,cnn-test-a02e362c5b8f049848ce718b37b96117485461cf,"(CNN)A fiery sunset greeted people in Washington Sunday. The deep reddish color caught Seattle native Tim Durkan's eye. He photographed a handful of aerial shots of the sunset warming the city's skyline and shared them on CNN iReport. The stunning sunsets were the result of raging wildfires in parts of Siberia. ""The dramatic sunsets began showing up over the weekend and had Seattle locals wondering where the amber-colored haze was originating from,"" Durken said. The fires were started in southeastern Siberia, by farmers burning grass in their fields. But on April 14, it is believed that the flames quickly grew out of control because of strong winds and spread throughout the region, according to CNN affiliate KOMO-TV. As a result, the fires have destroyed dozens of villages in the region. Rescue crews were able to put out the flames. However, the lingering smoke from the widespread fires were picked up by atmospheric winds. The winds carried the smoke from Siberia across the Pacific Ocean and brought it to the Pacific Northwest. Parts of Oregon, Washington and British Columbia are seeing the results of the smoke, wind and solar light combination. The reason people are seeing an intense red sunset is a result of smoke particles filtering out the shorter wavelength colors from the sunlight like greens, blues, yellows and purples, KOMO-TV said. That means colors like red and orange are able to penetrate the air unfiltered. The colors are especially intense during sunrises and sunsets because there is more atmosphere for the light to travel through to get to a person's eye. As the smoke starts to dissipate, air quality will get better and these fiery sunsets will lose their reddish hue.","Smoke from massive fires in Siberia created fiery sunsets in the Pacific Northwest. Atmospheric winds carried smoke from the wildfires across the Pacific Ocean. Smoke particles altered wavelengths from the sun, creating a more intense color.",a fiery sunset greeted people in washington sunday . the stunning sunsets were the result of raging wildfires in parts of siberia .,M23,5.0,4.333333333333333,5.0,4.666666666666667,0.2723,0.03566,0.25665,0.28169014084507044,0.07455429497568881,0.07394957983193277,0.4290273189544678,13.929083599454676,0.14530592568643427,0.30470227977387954,0.1698944582315054,0.13426596373864136,0.08649367304373468,0.3020531119537878,0.10090165959038075,46,689
summeval,dm-test-eeef09d26cf30c2124c0399b08eedc6321fe5d20,"Team-mates Neymar and Dani Alves proved their dedication to Barcelona by supporting the club’s basketball side. Neymar and Alves headed to watch El Clasico on Thursday night alongside the Brazilian's sister Rafaella. Barca prevailed with a narrow 85-80 victory in the Euro League contest. Brazil star Neymar (centre) takes a selfie with friends and Barcelona team-mate Dani Alves (right) However Real Madrid remain top of their Euro League division over their bitter rivals, just by points difference. Neymar helped Brazil beat Chile 1-0 at the Emirates Stadium on Sunday in a feisty contest and had to withstand several brutal challenges from the South American rivals. Before the international break Luis Enrique's Barcelona had won their El Clasico contest to move four points clear at the top of La Liga. Neymar and his Barcelona team-mates return to La Liga on Sunday, taking on Celta Vigo as they continue to compete for a treble of trophies. Neymar's sister Rafaella (left) headed to watch El Clasico of basketball with the Barcelona forward Neymar's sister Rafaella (right) attends a Euro League basketball match between Barcelona and Real Madrid Neymar is distracted at the basketball as his sister Rafaella (centre) watches on Neymar, Brazil's captain, led his national side to a 1-0 win over Chile at the Emirates last weekend Barcelona team-mate Dani Alves (front left) joined Neymar and friends to watch some live basketball Gary Medel walks off having appeared to stamp on Neymar at the Emirates on Sunday",Neymar helped Brazil beat Chile 1-0 at the Emirates stadium last weekend. Barcelona won the El Clasico to go four points clear at the top of La Liga. Luis Enrique's side take on Celta Vigo in La Liga on Sunday.,"however real madrid remain top of their euro league division over their bitter rivals , just by points difference . team-mates neymar and dani alves proved their dedication to barcelona by supporting the club 's basketball side . barca prevailed with a narrow 85-80 victory in the euro league contest .",M1,5.0,2.6666666666666665,5.0,1.6666666666666667,0.3191,0.06913,0.24944,0.32134831460674157,0.12211981566820279,0.0921985815602837,0.42915835976600647,13.251249031084258,0.24169570063301385,0.41466741645851457,0.19614580884112398,0.0748621814071746,0.2811419698173905,0.40964228904651623,0.11416035071609368,47,189
summeval,dm-test-1747dcd6a007ee97954b6b10cde549bf82f6a4eb,"Mexican restaurant Chipotle has decided to tap into the $70 billion food delivery market by teaming up with an app to bring burritos straight to customers' doors. The fast-casual chain will work with the Postmates app to begin offering delivery for online and mobile orders in 67 cities, according to a report in Nation's Restaurant News. But Mexican food fans should know that the restaurant plans to add a nine per cent service charge - with the delivery fees for Postmates beginning at $5 and up, depending on distance and demand. New venture: Mexican restaurant Chipotle has decided to tap into the $70 billion food delivery market by teaming up with an app to bring burritos straight to customers' doors Chipotle is thought to have turned down previous offers of collaboration with third-party delivery services - but has now given Postmates the green light, New York Daily News reports. The app hires independent contractors who drive their own cars in a similar model to Uber taxis. Chipotle has gone from strength to strength in recent years and this month two presidential candidates have been spotted in their restaurants. Republican contender Marco Rubio is a regular in the outlets and recently told MailOnline that he always tips staff. Cashing on delivery market: The fast-casual chain will work with the Postmates app to begin offering delivery for online and mobile orders in 67 cities And just one day into her presidential campaign, Hillary Clinton was seen in a Chipotle in Maumee, Ohio where she ordered a chicken dish with guacamole, a chicken salad and fruit juice. Chipotle is not the only franchise hoping to cash in on the lucrative delivery market. Starbucks, which will deliver cups of coffee in parts of Seattle and New York by the end of the year, has also partnered with Postmates. Taco Bell recently announced plans to test a delivery service this year, McDonald's 'McDelivery' program is in the planning process and Burger King has launched a pilot program in select markets, including parts of New York City, through bkdelivers.com. Celebrity customers: Hillary Clinton was spotted ordering a meal at Chipotle in Ohio earlier this month - one day into her presidential campaign Another candidate: Security camera footage obtained by conservative news publication IJ Review released online this month shows Florida senator Marco Rubio visiting a Washington, D.C. Chipotle","Mexican restaurant has decided to tap into $70 billion food delivery market. Fast-casual chain will work with the Postmates app to allow mobile orders. App works in similar way to Uber, using hired drivers to deliver the food. But the chain will add a 9% service charge - on top of Postmates' $5 rate.","the fast-casual chain will work with the postmates app to begin offering delivery for online and mobile orders in 67 cities . but mexican food fans should know that the restaurant plans to add a nine per cent service charge . chipotle is thought to have turned down previous offers of collaboration with third-party delivery services - but has now given postmates the green light , new york daily news reports .",M8,5.0,4.0,5.0,3.6666666666666665,0.37062,0.10884,0.32053,0.3756260434056761,0.16156462585034015,0.13864818024263434,0.44759634137153625,31.263284545583225,0.2841047276495441,0.49383306434471225,0.26410332504763945,0.11825368959461313,0.4415406690317166,0.5188906939250648,0.15108218463165465,48,778
summeval,dm-test-eeef09d26cf30c2124c0399b08eedc6321fe5d20,"Team-mates Neymar and Dani Alves proved their dedication to Barcelona by supporting the club’s basketball side. Neymar and Alves headed to watch El Clasico on Thursday night alongside the Brazilian's sister Rafaella. Barca prevailed with a narrow 85-80 victory in the Euro League contest. Brazil star Neymar (centre) takes a selfie with friends and Barcelona team-mate Dani Alves (right) However Real Madrid remain top of their Euro League division over their bitter rivals, just by points difference. Neymar helped Brazil beat Chile 1-0 at the Emirates Stadium on Sunday in a feisty contest and had to withstand several brutal challenges from the South American rivals. Before the international break Luis Enrique's Barcelona had won their El Clasico contest to move four points clear at the top of La Liga. Neymar and his Barcelona team-mates return to La Liga on Sunday, taking on Celta Vigo as they continue to compete for a treble of trophies. Neymar's sister Rafaella (left) headed to watch El Clasico of basketball with the Barcelona forward Neymar's sister Rafaella (right) attends a Euro League basketball match between Barcelona and Real Madrid Neymar is distracted at the basketball as his sister Rafaella (centre) watches on Neymar, Brazil's captain, led his national side to a 1-0 win over Chile at the Emirates last weekend Barcelona team-mate Dani Alves (front left) joined Neymar and friends to watch some live basketball Gary Medel walks off having appeared to stamp on Neymar at the Emirates on Sunday",Neymar helped Brazil beat Chile 1-0 at the Emirates stadium last weekend. Barcelona won the El Clasico to go four points clear at the top of La Liga. Luis Enrique's side take on Celta Vigo in La Liga on Sunday.,team-mates neymar and dani alves proved their dedication to barcelona by supporting the club 's basketball side . neymar and alves headed to watch el clasico on thursday night alongside the brazilian 's sister rafaella . barca prevailed with a narrow 85-80 victory in the euro league contest .,M0,5.0,4.333333333333333,5.0,4.666666666666667,0.37316,0.10969,0.28669,0.3777019340159272,0.17502917152858807,0.12694610778443113,0.4857199490070343,16.393450058714464,0.24376386689447616,0.4294312712716985,0.3043250541564254,0.13293510419470622,0.4045862251385882,0.49242973438138204,0.12384215084299603,49,198
summeval,dm-test-d89de9c2a76f2665560becfe5d761a4fc62b9926,"First blood to United after their Under 18s saw off City 1-0 in the 'mini-derby'. Kits aside, this was probably as far removed from Sunday's big match as you could imagine. For a start, no less than 13 out of the 22 players on show at kick-off were English. Of those, 10 were Mancunian. Callum Gribbin was the matchwinner for Manchester United with a delightful free-kick Ticket prices? Entry was free and close to 1,000 gathered on the seats and terraces of Moss Lane for a match that kicked off at 3pm on Saturday with half-and-half scarves nowhere to be seen. Altrincham's compact 6,000-capacity home may not be Old Trafford, but it does have a proud history of its own. It was certainly a grander stage than a windswept Saturday morning on an outfield at United's Carrington complex, where Paul McGuinness's Under 18s usually ply their trade. The young Reds coach wanted to make the experience closer to what his tyros could expect should they make the step up to the seniors. And his side lined up with three at the back and supporting wingbacks in a formation seen more than once this season in the first team. In an even first-half the impressive Marcus Wood, from just down the road in Sale, came closest for City with an audacious chip. United manager Paul McGuinness saw his side claim victory in the 'mini derby' For the home side towering centre-forward Marcus Rashford, another local lad from whom big things are expected, wasted two decent opportunities when put through. Just before the hour mark England Under 17 star Callum Gribbin made and scored the first. In March, the nifty-footed attacking midfielder went viral when United tweeted a clip of him showing outrageous skills to trick four Aston Villa players. He was at it again here, showing nifty footwork on the edge of the box and drawing a foul. After dusting himself down Gribbin stepped up to curl a delightful free-kick around the wall and beyond blonde Joe Hart-a-like Charlie Albinson in the City goal. Moments later it was almost two when full-back Cameron Borthwick-Jackson's rasping 25-yard drive struck the angle of the crossbar and post. The same man looked to have gotten away with one when he appeared to clip Buckley in the box before sub Aaron Nemane hit the side-netting as the visitors looked for an equaliser. Dutch winger Javairo Dilrosun curled a free kick onto the roof of the net in stoppage time for City but that was all she wrote. The result leaves United, who have won two of this year's cross-town clashes, two points behind leaders Middlesbrough with a game in hand. Injury-ravaged City however, have now lost both matches in the Barclays Under 18s Premier League end-of-season play-off series. FA chief Greg Dyke recently bemoaned the lack of first-team opportunities for homegrown talent between the ages of 18 and 21. On the evidence of this entertaining 90 minutes high on skill and commitment, there are talents on both sides that may well deserve their chance in the On the evidence of this entertaining 90 minutes high on skill and commitment, there are talents on both sides that may well deserve their chance in the coming years.","Man United beat Man City 1-0 in Saturday's under 18 encounter. Callum Gribbin scored the winning goal at Moss Lane, Altrincham. The result leaves United two points behind leaders Middlesbrough. The 'real' Manchester derby takes place at Old Trafford on Sunday.","callum gribbin was the matchwinner for manchester united with a delightful free-kick . united manager paul mcguinness saw his side claim victory in the ` mini derby ' for the home side towering centre-forward marcus rashford , another local lad from whom big things are expected .",M15,5.0,2.6666666666666665,5.0,2.3333333333333335,0.19444,0.04275,0.16899,0.2152777777777778,0.07838479809976248,0.04390243902439024,0.35897520184516907,6.710230273791138,0.13550794951069828,0.2993815077618799,0.19403095761257472,0.12998570593849412,0.08555240554030519,0.29753127545777747,0.1649500891357748,50,735
summeval,dm-test-dea0ed2e587495e516ac85056e21a2076a9a993c,"One Missouri mom is making the best out of a less than ideal situation. Becky Schoenig of St. Louis, Missouri was shocked when she realized her brand new 2015 Ford Fusion had been stolen from her driveway on Monday night, just a little over a month after she took the car home. Then, on April 1, Schoenig was shocked to learn that police had found her car after receiving a tip from a man who recognized the vehicle as Schoenig's and would be returning it to her - but with a few minor changes. Scroll down for video Bling: Becky Schoenig was shocked when her stolen car was located and returned to her with new red rims and detailing (above) Theft: The brand new 2015 Ford Fusion (above) had been stolen from her driveway Monday Racer: She took to Facebook after getting the car back, writing; 'I want to thank the car thieves for pimping out my vehicle for me.... This b***h is pimpin now!!!' As the car pulled up, Schoenig noticed that the rims had been spray painted red, there was red detailing on the sides of the car, and her steering wheel now had some orange accents. Rather than get upset however, she simply took to Facebook and posted a photo of her and her new ride, writing; 'I want to thank the car thieves for pimping out my vehicle for me.... This b***h is pimpin now!!!' She also attached a photo of the car which, given the date, many thought was a joke. It was not all 'lollipops and rainbows' though Schoenig told KSDK, and she is now getting the vehicle professionally cleaned to deal with the strong smell of cigarettes and marijuana. She is also creating a smoothie at the restaurant she owns, The Hot Pot, to honor Mick Sexton, the man who located her car and notified police. The Sexton on Wheels will feature banana, pineapple, peach and coconut cream. 'She's a very special person,' said Marlene Trice, a friend of Schoenig. 'She is vibrant and happy and really loves making people laugh.'","Becky Schoenig of St. Louis, Missouri was shocked when she realized her brand new 2015 Ford Fusion had been stolen from her driveway Monday. She was even more shocked however when it was located and returned to her with new red rims and detailing. She took to Facebook after getting the car back, writing, 'I want to thank the car thieves for pimping out my vehicle for me.... This b***h is pimpin now!!!'","becky schoenig of st. louis, missouri was shocked when her brand new 2015 ford fusion was stolen from her driveway monday night . on april 1, she was shocked to learn that police had found her car after receiving a tip from a man who recognized the vehicle as schoenig's . when the car was returned to her, she noticed that the rims had been spray painted red and the steering wheel had some orange accents .",M17,5.0,4.666666666666667,5.0,4.333333333333333,0.44611,0.15236,0.3779,0.4461118690313779,0.22299168975069253,0.24753867791842474,0.4827807545661926,47.237237838312396,0.26662400260061286,0.4553434895146402,0.3962246533686,0.2358803248561772,0.48525101296962925,0.554769290688573,0.15066517207376212,51,704
summeval,dm-test-096e418a953af86df0d1560bec95bc7bfee2e34b,"Porto's defence was not the only thing to be ripped apart at the Allianz Arena on Tuesday night as a jubilant Bayern Munich manager Pep Guardiola was left with a hole in his trousers. Guardiola managed to tear the left trouser leg of his grey garments during an incredibly exciting night for Bayern, who led their opponents 5-0 at half-time. The Spanish tactician's underwear was on show after the incident, and he joked after the Champions League clash: 'I'll have to buy new ones for the next match.' Bayern Munich manager Pep Guardiola ripped a hole during the Champions League match in Germany Guardiola's underwear were on show after the Bayern boss managed to rip a small hole in his trousers The excitement of a 6-1 win against Porto appeared to get the better of Guardiola's left trouser leg Away from Guardiola's clothing, Bayern managed to book a place in the Champions League semi-finals thanks to goals by Thiago Alcantara, Jerome Boateng, Thomas Muller, Xabi Alonso and a brace from Robert Lewandowski. Porto went into the match with a two-goal lead following their 3-1 victory in Portugal, however they were swept aside by the Bundesliga giants. Bayern's European rivals will be running scared after their outstanding display as Guardiola's side showed they were a cut above a shell-shocked Porto side. Guardiola's trousers before the rip (left) and after the rip (right) during Bayern Munich's 6-1 victory over Porto The former Barcelona boss (far right) also decided to ditch his suit blazer during the latter stages of the match Bayern Munich celebrate at the final whistle after booking a place in the semi-finals of the Champions League",Bayern Munich boss Pep Guardiola ripped a hole in his trouser leg. His underwear were on show during the European match in Germany. The German giants booked place in the semi-finals thanks to 6-1 rout.,Bayern Munich beat Porto 6-1 at the Allianz Arena on Tuesday night . Pep Guardiola managed to tear the left trouser leg of his trousers . The Bayern boss joked : ` I 'll have to buy new ones for the next match ' Click here for more Bayern Munich news .,M22,5.0,4.333333333333333,4.333333333333333,5.0,0.30996,0.07889,0.26244,0.3167420814479638,0.16241299303944318,0.14523809523809522,0.3981515169143677,21.275793898844558,0.20702385483562452,0.41566137747602616,0.31416803336859866,0.3635170664935497,0.3226715448474643,0.43064810287548017,0.08269543282978445,52,1236
summeval,dm-test-6721edf88c95f480a4db2c63649dbb03736aeadf,"A teacher has been banned from the classroom after he let pupils change their exam answers invalidating his whole school's SATs results. Ian Guffick asked pupils to make changes to the the national curriculum tests for 11-year-olds, which assess English, maths and science at Mitton Manor Primary School in Tewskesbury, Gloucestershire. This was despite the exam session finishing, a conduct panel heard. Ian Guffick asked pupils at Mitton Manor Primary School in Tewkesbury, pictured, to make the changes to their SATs exam answers The 31-year-old also altered a number of the pupil's exam answers himself before the papers were sent off. After the suspected breach of exam rules, school officials were tipped off, resulting in an investigation being launched in June. The probe by the local education authority found that some pupils taking a test had changed answers outside exam conditions and that Guffick had done the same. It then led to the Department for Education annulling all SATs exam results for the entire school last year, the hearing was told. Guffick was later forced to give up his job at the school and had since admitted the allegations and accepted it amounted to unacceptable professional conduct. The Department for Education annulled the whole school's SAT's results after a probe by the local education authority (file picture) However, he insisted in a statement that he did not ask the pupils to change their answers, but to make them more legible. But the panel, run by the National College for Teaching and Leadership, said that no changes of any kind should be made to exam scripts outside test conditions. Panel chair Martin Pilkington said, although the teacher’s conduct had been dishonest, it fell short of fraud or serious dishonesty. But he added: 'Whilst the panel accepts that Mr Guffick may have felt under pressure to achieve good results for himself and the school, that can in no way excuse his behaviour. 'It is clear to the panel that he deeply regrets his conduct and the panel also considered that he was forthcoming in explaining what he had done when it was investigated by the school and local authority.' Paul Heathcote, acting on behalf of Education Secretary Nicky Morgan, banned Guffick from the classroom for at least two years. He said: 'His actions had a serious impact on the school as their SATs results were annulled for 2014. 'Mr Guffick’s actions were deliberate and he was not acting under duress. 'In all the circumstances, I agree with the panel’s recommendation that a prohibition order is an appropriate and proportionate sanction. 'Mr Guffick has shown remorse and insight and he deeply regrets his actions.' He was given 28 days in which to appeal against the decision to the High Court.","Ian Guffick, 31, allowed pupils to make changes outside exam conditions. He also made changes to the pupil's work before the papers were sent off. Probe was launched after officials were tipped off he breached exam rules. A disciplinary panel has now banned Guffick from teaching for two years.",ian guffick asked pupils to make changes to the national curriculum tests . he also altered a number of the pupil 's exam answers himself before papers were sent off . school officials were tipped off after suspected breach of exam rules .,M10,5.0,4.0,5.0,4.333333333333333,0.29792,0.05836,0.28259,0.2982456140350877,0.13033707865168542,0.12672811059907835,0.6009871363639832,29.645271574430787,0.25557986687313516,0.47228173400583995,0.352620508707402,0.24429495032746953,0.19927022164302965,0.36140081729063245,0.13055266692322492,53,541
summeval,dm-test-c50d33e9749e7bb484d9b69c4f5fca35a3a50cb5,"A young accountant fell down a 70ft cliff to his death when he ran from a taxi to avoid paying the fare. Graduate Jacob Phillips, 23, plunged down the cliff when he leapt over a fence in the dark. Mr Phillips had caught the cab home after a night out with friends in December – but didn’t have enough cash to pay for it. An inquest heard he ran from the driver, who gave chase at the seaside town of Penarth, South Wales. Cabbie Dave Sidaway told the inquest: ‘I stopped because I couldn’t see where I was going. I had no idea how much danger he was in.’ Jacob Phillips, 23, was found dead at the end of the disused Northern Promenade, a rocky area at the base of the cliff The university graduate had been out drinking in Cardiff before catching a taxi with friends Padraig Crowley and Rory Robinson. Cardiff Coroner’s Court heard how the trio got out of the taxi to ‘use an ATM’ before making a run for it. ‘The plan was to go to Penarth but we did not have enough money for the taxi – I ran off in one direction, Jacob went in another direction,’ Mr Robinson told the inquest. ‘Running away from the taxi was a stupid thing to do.’ Mr Phillips, of Reading, Berks, was discovered the next day on the rocky beach by a dog walker. Paramedics arrived at the scene after his body was discovered in the morning by a dog walker A long way down: Mr Phillips fell down this cliff after a night out.  Tthe taxi driver said he would not have left him if he knew where they were Recording a verdict of accidental death, coroner Andrew Barkley said: ‘It is likely that he became disorientated and there is no evidence that he knew where he was at the time. ‘There is no way he could have known the danger that lay in front of him. The following day with the benefit of light it was clear the danger he faced by the sheer drop off the cliff just yards beyond the fence.’ Mr Phillips worked for Pretty Green, the clothing label run by Oasis star Liam Gallagher. He had grown up in Barry, South Wales, before studying accountancy at the University of Birmingham. The inquest heard that he had returned to Wales for Christmas and had been staying with his mother in the upmarket Cowbridge area. Mr Phillips had planned to stay at a friend’s house but he and his friends didn’t have enough money to complete the journey, so decided to trick the driver by ‘dodging’ the fare. Mr Phillips ran off into the ‘pitch black’ and fell down a cliff at the end of the disused Northern Promenade – also called The Dardanelles. Police search the scene at the bottom of the cliff where his body was discovered","Jacob Phillips plunged down cliff after leaping over a fence in the dark. Got out of the taxi to 'use an ATM' before running away, inquest heard.","jacob phillips , 23 , was found dead at the end of the disused northern promenade . he ran from the driver , who gave chase at the seaside town of penarth . an inquest heard how the trio got out of the taxi to ` use an atm ' .",M14,5.0,4.0,5.0,3.0,0.27138,0.07251,0.23489,0.27262313860252,0.14101057579318446,0.18335343787696018,0.42530450224876404,21.275311438127922,0.27066198912646705,0.36347414018483815,0.216774340316224,0.22075725156108603,0.1984729550837755,0.3616755816977416,0.11048456745003254,54,1652
summeval,dm-test-f37fd6e9b6cc18a7132568e307ef3b130931e809,"Police are investigating claims by a former royal footman that palace aides tried to force him into an orgy, it was revealed yesterday. Christopher Lawler said he was pinned to a chair and groped by a male member of staff on his first day working at Clarence House. The ordeal left him in tears and he left the job the same day. He finally decided to contact palace officials again last year after inquiries began into alleged cover-ups of child sex abuse by a VIP paedophile ring in the 1970s and 80s. Police are investigating claims made by a former royal footman that Clarence House aides tried to force him into an orgy in the 1970s But his complaints were ignored for months before the police were finally notified, he claims. Mr Lawler, now 64, said the attempted abuse at the Queen Mother’s London residence happened in January 1978 when he was 27. He said he was accosted after he walked into a bedroom to look for a pen on his first shift. Two men offered him a drink before two other men joined them – one a senior member of staff, he said. He was asked if he was gay before a younger man took his trousers off and began performing a sex act on himself. ‘That prompted another guy to put his hand on my leg and then he grabbed me,’ he told the Sunday People. ‘I was staggered. The younger man then came up behind me and gripped me, holding me in the chair. Mr Lawler worked at Clarence House when the Queen Mother used it as her London residence ‘They were trying to undo my trousers but I managed to jump up and burst out of the room.’ Afterwards, Mr Lawler said he was followed by two men and threatened to keep quiet. A complaint he made that day allegedly drew an angry response from Clarence House – so he packed his bags immediately. Mr Lawler, a former Port of Liverpool police officer, said he was ‘haunted’ by the incident for years. After hearing about the probe into historical cases of child abuse last year he wrote to the Palace, but was twice rebuffed. Months later the complaint was finally passed to Scotland Yard. A retired royal aide, who is now in his 80s, was reportedly interviewed but denied he was involved because he was working for the Queen in Balmoral at the time. Mr Lawler has now been told by the Palace that the Royal Household would work ‘exhaustively and co-operatively’ with any police probe. A police spokesman said it would be inappropriate to comment ‘as investigations continue’.","Christopher Lawler claims he was pinned to a chair and groped by staff. He left job at Clarence House the same day as alleged incident in 1978. Mr Lawler, now 68, claims he reported his account but was twice ignored. The palace is now 'cooperating' with police to investigate historic claims.",christopher lawler said he was pinned to a chair and groped by a male member of staff on his first day working at clarence house . the ordeal left him in tears and he left the job the same day . he finally decided to contact palace officials again last year after inquiries began into alleged cover-ups of child sex abuse by a vip paedophile ring .,M14,5.0,4.333333333333333,5.0,4.0,0.3237,0.06897,0.26589,0.3270024772914946,0.11438183347350715,0.10454155955441302,0.44713521003723145,27.895084756846433,0.2299379482950236,0.3876754084903133,0.22991049065172764,0.06594880352949672,0.23181421972996386,0.3820319678892897,0.12660581286923883,55,88
summeval,dm-test-2a48112ddee712f2364f128076cb2db555a043b1,"Esteban Cambiasso has won all the major European competitions a player can during his illustrious career but revealed that keeping Leicester City in the Premier League would be up there with the best. The Foxes are currently seven points adrift at the bottom of the table, with only eight games remaining, knowing that time is running out to save themselves. Cambiasso refuses to give up and admits that keeping Leicester up will feel like winning a trophy. Esteban Cambiasso says that helping keep Leicester in the Premier League will feel like winning a trophy 'For me, it's like another cup,' he told BBC East Midlands Today. 'When you start another season you have an objective, and this is the objective for us. 'For me, winning a cup or winning the league with another team is the same now as having the possibility to save Leicester in the Premier League.' The Argentinian midfielder poses with the trophy after his team won the 2010 FIFA Club World Cup Cambiasso had an illustrious career at Inter Milan, winning an impressive 15 trophies during his stint River Plate (2001-2002) Argentine Primera Division Real Madrid (2002-2004) La Liga Super Cup Supercopa de Espana Inter Milan (2004-2014) Champions League Serie A (5) Coppa Italia (4) Supercoppa (4) FIFA Club World Cup Having not won a game since January, Nigel Pearson's men face West Ham United on Saturday and Cambiasso is still convinced they can avoid the drop. 'I understood when I signed for Leicester it's not an easy job to stay in the Premier League,' he said. 'It's a difficult situation but I think we have our chances to win matches. There's a quarter of the Premier League left to finish. 'I think some people think for Leicester all is finished. But I'm sure, because I watch my team-mates every day, we can save Leicester and stay in the Premier League.' The former Inter Milan star signed for the Foxes in the summer, leaving Italy after ten years and embarking on a new challenge in England. After agreeing to a one-year-deal, Cambiasso has quickly established himself as a key player but it remains to be seen if he'll still be in the East Midlands at the start of next season. The former Real Madrid man was also successful during his short spell in Spain for Real Madrid Cambiasso played during Real's 'Galatico' era, with Luis Figo, Zinedine Zidane, Ronaldo and David Beckham 'Leicester always wanted me,' he added. 'After these nine months or eight months, I'm very happy because my family is OK, and I'm good. 'I want a few more points, but all the rest is perfect.' Cambiasso is happy in the East Midlands and could stay beyond his current one-year-deal",Esteban Cambiasso says saving Leicester will feel like winning a trophy. The Argentinian has become a key player for Nigel Pearson's side. Leicester are currently seven points adrift at the bottom of the table.,esteban cambiasso has won the major european competitions . esteban cambiasso believes helping keep leicester in the premier league . foxes are currently seven points adrift at the bottom of the table . click here for all the latest chelsea news . cambiasso refuses to give up and admits that keeping leicester up will feel like winning a trophy .,M9,5.0,2.6666666666666665,2.6666666666666665,1.6666666666666667,0.33788,0.1246,0.30221,0.34207764952780695,0.1611170784103115,0.1188118811881188,0.5638384819030762,47.39182562029072,0.346880202047671,0.5478437302089509,0.28088925251554464,0.14668743609565005,0.4017437217898484,0.510960608620405,0.1316275594231406,56,1494
summeval,dm-test-31114653cd606fd3f4b1035f98dedd71f8282cd2,"Wales' crunch Euro 2016 qualifier with Belgium this summer has been declared a 33,000 sell-out. The top two sides in Group B meet at the Cardiff City Stadium on June 12 with Wales in their best position to qualify for a major tournament since the 1958 World Cup finals in Sweden. Belgium and Wales both have 11 points from five games with Marc Wilmots' side - ranked fourth in the world - on top spot because of a superior goal difference. Wales'  Euro 2016 qualifier with Belgium this summer has been declared a 33,000 sell-out Gareth Bale fires homes a brilliant free-kick during Wales' 3-0 victory over Israel in Euro 2016 qualifying Real Madrid star Bale celebrates as the victory took Wales to the top of the Group B table on goal difference But Wales' comprehensive 3-0 victory in Israel last weekend has seen expectations rise that Chris Coleman's charges can claim one of the two automatic qualifying spots and make it all the way to the 2016 finals in France. 'The stunning performance in Israel has created a huge buzz around Chris Coleman's team and the FAW has been inundated with orders for tickets,' the Football Association of Wales said in a statement on its website. 'Due to overwhelming demand, general admission tickets for the European qualifiers match between Wales and Belgium at the Cardiff City Stadium have now sold out.' It is understood the Wales squad prefer to play at the Cardiff City Stadium rather than the Millennium Stadium There had been speculation that Wales would play Belgium at the 74,500 capacity Millennium Stadium with so much interest in the match. But that was never going to happen as UEFA rules prevent the venue being changed within 120 days of the scheduled date. It is understood Gareth Bale and company would prefer playing at the more intimate Cardiff City Stadium rather than the Millennium Stadium, where they have not played since meeting England in a Euro 2012 qualifier in March 2011.",Wales' Euro 2016 qualifier with Belgium has been declared a sell-out. Gareth Bale and Co currently top the Group B table on goal difference. Belgium and Wales both on 11 points ahead of clash.,"wales ' crunch euro 2016 qualifier with belgium this summer has been declared a 33,000 sell-out . the top two sides in group b meet at the cardiff city stadium on june 12 with wales in their best position to qualify for a major tournament since the 1958 world cup finals in sweden . belgium and wales both have 11 points from five games with marc wilmots ' side - ranked fourth in the world - on top spot because of a superior goal difference .",M12,5.0,4.333333333333333,5.0,4.333333333333333,0.36569,0.13313,0.31151,0.3686982693754703,0.1928079571537873,0.2116731517509728,0.46758127212524414,34.29675842727237,0.30139060727563816,0.44982433458856347,0.23918245479070044,0.002191843169254551,0.5253478615294253,0.5851965135156045,0.12675664742691964,57,940
summeval,dm-test-e06ff0eb7c4fa4416fda84a9a239b15480c5a9d9,"A lonely man has taken his search for love - or lust - online, posting an advertisement complete with his desires, or 'requirements'. The outback Casanova, who lives in Humpty Doo, Northern Territory, detailed his dream girl on Gumtree. 'WANTED!!!!! girlfriend/wife, must love pets... Accomodation available, position MAY offer company car, phone and laptop, to the 'successful candidate',' it reads. Scroll down for video 'Rich' who lives in Humpty Doo, Northern Territory, detailed his dream girl on Gumtree 'Prefer NON drinker and smoker (i know i'm dreamin), fit attractive, will get free gym membership, to a gym of there choice, phone of there choice, must be reliable, honest, and loyal, good around th house, be good with their hands, good cook, great in bed.' The advertisement outlined how the successful applicant must enjoy the outdoors, but is also 'also a princess when need to be'. For his part, the 31-year-old only identified as Rich, described himself as: 'athletic build, white, heavily tattoo'd brown hair, brown eyes, don't drink, don't smoke, DON'T do drugs, like travelling, love the outdoors, sports, fishing, camping blah blah blah.' The post continues: '175cm tall, WELL Endowed, own my own property(s) make great money, succesful, love cars, bikes, very independant.' The 31-year-old's advertisement included a list of requirements in his potential partner, and personal details about himself The advertisement outlined how the successful applicant must enjoy the outdoors, but is also 'also a princess when need to be' Rich also said he is 'not shy of blowin cash on my woman', and his potential partner would 'receive lots of benefits'. And, there's no reason to be shy ladies, 'Rich' promised 'all reasonable offers will be considered'. The hopeless romantic also stated former partners need not apply. Daily Mail Australia unsuccessfully attempted to contact the man behind the commercial.","Man posted advertisement seeking 'girlfriend/wife' on Gumtree. Rich, 31, says potential partner would be showered with gifts and benefits. Post says the lucky girl would a gym membership, phone, laptop and car. 'Previous applicants need NOT apply (NO exs)' the advertisement says.","the outback casanova , who lives in humpty doo , northern territory , detailed his dream girl on gumtree . ` wanted !!!!! girlfriend/wife , must love pets ... accomodation available , position may offer company car , phone and laptop , to the ` successful candidate ' , ' it reads . ` rich ' who lives in humpty doo , northern territory , detailed his dream girl on gumtree .",M2,5.0,3.6666666666666665,4.333333333333333,2.3333333333333335,0.22756,0.07051,0.19833,0.2301255230125523,0.10492505353319058,0.07675438596491228,0.3253737986087799,18.123324849760053,0.18884641650838443,0.32487370793123466,0.10926665029109905,0.017150204683943918,0.18806178781098748,0.3653572537142542,0.11787209041995145,58,1098
summeval,dm-test-03e271b4305517e02c9ead82d57327d32b99102e,"Twice French Open champion Serena Williams said her struggle to beat Sara Errani in the Fed Cup on Sunday had been a real 'eye-opener' as the claycourt season gets into full swing. World No 1 Williams eventually prevailed 4-6 7-6(3) 6-3 against the dogged Italian to take her career record over her to 8-0 but the American was not impressed. The US  were beaten 3-2 as Williams and Alison Riske were thrashed 6-0 6-3 in the doubles rubber by Errani and Flavia Pennetta, meaning they were relegated to World Group II. American tennis star Serena Williams fought back to beat Italian Sara Errani in the Fed Cup play-off on Sunday Tough weather conditions made it difficult for both players who had to keep on re-tossing their serves Errani gave Williams a real scare but in the end the world No 1's power proved to be too much 'Today has been a big eye opener,' Williams said afterwards. 'I'm totally not as ready for the claycourt season as I thought I was. Now I'm in the mindset of, ""You know what, I'm not on hard court."" I'm playing like I'm on hard court and I'm not. 'So I have to play and be ready to hit a thousand shots if necessary.' Williams, 33, won her 19th singles grand slam at the Australian Open and her dominance has raised talk of her claiming all the majors this year. The French Open has been her least successful of the four though despite claiming the title in Paris in 2002 and 2013. Her doubles defeat on Sunday blotted an otherwise flawless Fed Cup record and left the US facing a battle to get back amongst the elite nations next year. 'We have to work harder,' US captain Mary Joe Fernandez said. 'We came close today and need to just keep plugging away. 'The good news is that we have a lot of players in the top 100 and, hopefully, we can get two wins next year and get back into the World Group.' Williams congratulates Italy captain Corrado Barazzutti after competing in America's doubles defeat",Serena Williams struggled to beat Sara Errani during  Fed Cup clash. World No 1 Williams eventually defeated Errani 4-6 7-6(3) 6-3. Williams lost doubles match alongside Alison Riske 6-0 6-3.,serena williams beat sara errani 4-6 7-6 -lrb- 3 -rrb- in the fed cup . the claycourt season gets into full swing . world no 1 williams defeated sara errani in the semi-finals . the american tennis star is to beat the italian sara errani .,M11,2.6666666666666665,3.0,4.333333333333333,1.6666666666666667,0.29334,0.12756,0.27556,0.2924107142857143,0.15560640732265446,0.17136150234741782,0.5107908844947815,37.546940616808264,0.24910396435898322,0.3276368809162518,0.35270880115794856,0.26610354463381425,0.29798971849247713,0.447394127309483,0.0767627765524783,59,255
summeval,dm-test-1747dcd6a007ee97954b6b10cde549bf82f6a4eb,"Mexican restaurant Chipotle has decided to tap into the $70 billion food delivery market by teaming up with an app to bring burritos straight to customers' doors. The fast-casual chain will work with the Postmates app to begin offering delivery for online and mobile orders in 67 cities, according to a report in Nation's Restaurant News. But Mexican food fans should know that the restaurant plans to add a nine per cent service charge - with the delivery fees for Postmates beginning at $5 and up, depending on distance and demand. New venture: Mexican restaurant Chipotle has decided to tap into the $70 billion food delivery market by teaming up with an app to bring burritos straight to customers' doors Chipotle is thought to have turned down previous offers of collaboration with third-party delivery services - but has now given Postmates the green light, New York Daily News reports. The app hires independent contractors who drive their own cars in a similar model to Uber taxis. Chipotle has gone from strength to strength in recent years and this month two presidential candidates have been spotted in their restaurants. Republican contender Marco Rubio is a regular in the outlets and recently told MailOnline that he always tips staff. Cashing on delivery market: The fast-casual chain will work with the Postmates app to begin offering delivery for online and mobile orders in 67 cities And just one day into her presidential campaign, Hillary Clinton was seen in a Chipotle in Maumee, Ohio where she ordered a chicken dish with guacamole, a chicken salad and fruit juice. Chipotle is not the only franchise hoping to cash in on the lucrative delivery market. Starbucks, which will deliver cups of coffee in parts of Seattle and New York by the end of the year, has also partnered with Postmates. Taco Bell recently announced plans to test a delivery service this year, McDonald's 'McDelivery' program is in the planning process and Burger King has launched a pilot program in select markets, including parts of New York City, through bkdelivers.com. Celebrity customers: Hillary Clinton was spotted ordering a meal at Chipotle in Ohio earlier this month - one day into her presidential campaign Another candidate: Security camera footage obtained by conservative news publication IJ Review released online this month shows Florida senator Marco Rubio visiting a Washington, D.C. Chipotle","Mexican restaurant has decided to tap into $70 billion food delivery market. Fast-casual chain will work with the Postmates app to allow mobile orders. App works in similar way to Uber, using hired drivers to deliver the food. But the chain will add a 9% service charge - on top of Postmates' $5 rate.","the fast-casual chain will work with the postmates app to begin offering delivery for online and mobile orders in 67 cities , according to a report in nation 's restaurant news . but mexican food fans should know that the restaurant plans to add a nine per cent service charge - with the delivery fees for postmates beginning at $ 5 and up , depending on distance and demand . the app hires independent contractors who drive their own cars in a similar model to uber taxis .",M2,5.0,3.6666666666666665,5.0,3.0,0.33855,0.10159,0.28635,0.34601043997017156,0.1516300227445034,0.1341557440246723,0.4983287751674652,29.98822295553354,0.2616490619541761,0.46767174285414737,0.3305456628959418,0.004262329595039759,0.4444292360771811,0.5205611425291348,0.16062663450525955,60,775
summeval,dm-test-e428e25bbf8e06643154ce31b7c6fab64c81e857,"The owners of this house better not leave too quickly, after a speed camera was angled directly on their front door. The bright yellow gatso had previously enforced the 30mph speed limit for motorists along the residential road in Handsworth, Birmingham. However, it has not been working for two years after every single fixed device was switched off in the West Midlands. Big Brother is watching: A speed camera has been turned round and is pointing at this house in Birmingham, West Midlands The speed camera has not been working for more than two years Around 300 speed and traffic camera, using old technology, were turned off across the region in March 2013 In there place, speed enforcement operations have been carried out by a small number of mobile camera units, fixed cameras on motorways and traffic officers on patrol. Mystery surrounds who had re-pointed the camera, but a spokesman for Birmingham City Council said they were aware of it. One of their engineers will now be visiting the site and the camera could be removed completely. 'Fixed location safety cameras have been decommissioned across the West Midlands since 2013 as the technology inside them had become obsolete,' the spokesman said. 'Plans for a pilot at a limited number of sites, using digital technology, is currently in development. 'Now the issue with this camera in Wellington Road has been brought to our attention, we will take any appropriate action at the site.' The spokesman confirmed that there were no plans to include the camera in Wellington Road in the new pilot. The owners of the house were not available for comment.","Speed camera discovered pointing at house in Handsworth, Birmingham. Fixed cameras  switched off across the West Midlands in Spring of 2013. Site is not going to be part of a new trial using digital technology. Obsolete camera may now be taken down after engineers examine device.","Speed camera has been turned round and is pointing at this house in Birmingham, West Midlands",M20,5.0,4.0,5.0,4.666666666666667,0.29431,0.1082,0.25,0.29523809523809524,0.18750000000000003,0.16382252559726962,0.3848927915096283,15.756535097116563,0.17004989809140558,0.3570607455168516,0.2707940266659913,0.019640562223529088,0.22377527248344742,0.39078236378042197,0.12238029153915972,61,161
summeval,dm-test-155754e1f2bc83f6836af78703edd4d00f19f381,"Last week she was barely showing – but Demelza Poldark is now the proud mother to the show’s latest addition. Within ten minutes of tomorrow night’s episode, fans will see Aidan Turner’s dashing Ross Poldark gaze lovingly at his new baby daughter. As Sunday night’s latest heartthrob, women across the country have voiced their longing to settle down with the brooding Cornish gentleman – but unfortunately it seems as if his heart is well and truly off the market. Scroll down for video Last week she was barely showing – but Demelza Poldark is now the proud mother to the show’s latest addition He may have married his red-headed kitchen maid out of duty, but as he tells her that she makes him a better man, audiences can have little doubt about his feelings. What is rather less convincing, however, is the timeline of the pregnancy. With the climax of the previous episode being the announcement of the pregnancy, it is quite a jump to the start of tomorrow’s instalment where Demelza, played by Eleanor Tomlinson, talks about being eight months pregnant. Just minutes after – once again without any nod to the passing of time – she is giving birth, with the last month of her pregnancy passing in less than the blink of an eye. With the climax of the previous episode being the announcement of the pregnancy, it is quite a jump to the start of tomorrow’s instalment where Demelza, played by Eleanor Tomlinson, talks about being eight months pregnant As Sunday night’s latest heartthrob, women across the country have voiced their longing to settle down with Poldark – but unfortunately it seems as if his heart is well and truly off the market Their fast relationship didn't go unnoticed by fans. One posted on Twitter: ‘If you are pregnant in Poldark times expect to have it in the next 10 minutes’ It is reminiscent of the show’s previous pregnancy that saw Elizabeth, another contender for Ross’s affection, go to full term in the gap between two episodes. This didn’t go unnoticed by fans, who posted on Twitter: ‘Poldark is rather good, would watch the next one now. Though if you are pregnant in Poldark times expect to have it in the next 10 minutes.’",SPOILER ALERT: Maid gives birth to baby on Sunday's episode. Only announced she was pregnant with Poldark's baby last week.,Last week she was barely showing – but Demelza Poldark is now the proud mother to the show's latest addition,M20,5.0,4.0,5.0,4.666666666666667,0.24958,0.05954,0.20573,0.2533783783783784,0.1298245614035088,0.1569343065693431,0.42961663007736206,20.15807475394783,0.23731718569770402,0.4220937971641538,0.2641870677578576,0.277270606454738,0.11231099696114455,0.31303854721095836,0.10457827821777131,62,1130
summeval,dm-test-4e0de0ec6d5b9df174f54d03158de8f30aac861f,"Arsenal playmaker Mesut Ozil seemed to be in a enjoying his home comforts after arriving back in London following the international break, posting a picture putting his feet up with his dog. The German star was in fine form as the World Cup winners beat Georgia 2-0 in their Euro 2016 qualifier on Sunday, and is now setting his sights on the Premier League encounter with Liverpool at the weekend. And Ozil gave an insight into what he does in his downtime after taking a snap of him playing with his pet with the caption: 'Home Sweet Home'. Mesut Ozil posted a picture on Twitter relaxing with his dog on Wednesday after returning home to London Ozil impressed on international duty as Germany beat Gerogia 2-0 in a Euro 2016 qualifier on Sunday The midfielder, who was signed for £42.5million from Real Madrid in 2013, missed Arsenal's last game against Newcastle through illness, but will be expected to start against Liverpool at the Emirates Stadium. Ozil was said to have been spotted in a Berlin nightclub after missing the Gunners' 2-1 win at St James' Park, though manager Arsene Wenger rubbished those claims. He has been doing the business on the pitch after returning from injury though,  wracking up four assists and scoring three goals since January. And the former Schalke man says he is finally adjusting to English football, claiming he fits in 'perfectly'. 'There are a lot of what we call 'English weeks' in Germany - where you play twice, and there's no winter break either,' he said. 'It's demanding because you don't have many breaks to recover, but as a footballer it's great to have so many games and I'm the sort of player who prefers playing in many matches - that's why I fit perfectly here.' The playmaker has been in fine form since returning from injury for Arsenal this year",Mesut Ozil starred as Germany beat Georgia 2-0 in Euro 2016 qualifier. Playmaker returns to London ahead of Arsenal's game against Liverpool. Ozil puts his feet up on sofa with his dog as he enjoys home comforts.,"mesut ozil seemed to be in a enjoying his home comforts after arriving back in london following the international break , posting a picture putting his feet up with his dog . the german star was in fine form as the world cup winners beat georgia 2-0 in their euro 2016 qualifier on sunday . ozil gave an insight into what he does in his downtime after taking a snap of him playing with the caption : ` home sweet home '",M12,5.0,4.666666666666667,5.0,4.0,0.33601,0.11433,0.29803,0.3435672514619883,0.17087667161961367,0.16163141993957703,0.4758926331996918,22.042096411954933,0.2774861236022695,0.4193767652114488,0.26541760519045254,0.06097801172327097,0.3759987174306536,0.4820224524468487,0.1514500800095722,63,600
summeval,dm-test-e880fda4c25289f8325574246f0f8ed4ff5eb26b,"A timewarp home which has remained unchanged since the 1930s is up for sale complete with original features including stained-glass windows, oil-fired central heating and retro jars of popular food. The collector’s paradise in Horfield, Bristol, which has gone untouched for more than 80 years comes complete with the original bathroom and kitchen, wood-panelled hallway and even the vintage cupboards. With features that were once commonplace but are now considered decidedly old-fashioned, the semi-detached property has a guide price of between £200,000 and £250,000. The collector’s paradise in Horfield, Bristol, which has gone untouched for more than 80 years, comes complete with the original bathroom, kitchen, stained-glass windows and even oil-fired central heating - making it a collector's or antique love's paradise It's a nondescript semi-detached home from the outside but inside it's a treasure trove with features including beautiful stained glass windows The house even boasts the original bathroom which was installed when it was built - in a fetching mint green and black colour scheme The most eye-catching room is the dated bathroom - with its mint and black colour scheme - which comes complete with original tiles, wooden floor, yellow wallpaper and green sink. hoe house's wood-panelled hall is lit by quirky stained-glass windows, depicting ships in full sail, while the living room's windows are patterned with coats of arms on the glass. The three-bedroom home also comes with all of the original 1930s cupboards in the kitchen, a brick open-face fire and dated kitchen sink. A high shelf in the hallway holds original tins of produce from yesteryear, including Cadbury’s Marvel dried milk, Tate and Lyle sugar and Colman’s Mustard. While some features have been upgraded - the house is double glazed - David Beddoe, director of Auction Houses Bristol and Somerset North, believes the potential cost of renovations could put developers off. He believes the house could make a perfect family home for those with a passion for antiques. The historic house will be auctioned on April 30 at the County Ground in Bristol. A hallway shelf holds original tins of produce from the past including Cadbury’s Marvel dried milk, Tate and Lyle sugar and Colman’s Mustard The original kitchen appears dated but still has some unusual original features including the cupboards and the glass-panelled door The three-bedroom home also comes with all the original cupboards in the kitchen, a brick open-face fire and a rather dated kitchen sink While the wood-panelled hall is lit by stained-glass windows depicting ships the living room comes with various coats of arms in the glass With once commonplace features (pictured) now considered old-fashioned the  property has a guide price of between £200,000 and £250,000 The property is unimposing from the outside - but inside boasts a number of quirky and unusual original features like these bedroom windows While some features have been upgraded - the house is double glazed - auctioneers worry the cost of renovations could put developers off","Nondescript semi-detached home for sale in Horfield, Bristol, is an unlikely collector's paradise. House has gone untouched for more than 80 years and comes complete with stain-glass windows. The timewarp home also boasts oil-fired central heating and comes with original bathroom and kitchen.","the timewarp home has remained unchanged since the 1930s is up for sale . the paradise in horfield , bristol , has gone untouched for more than 80 years . the collector 's paradise has gone untouched for more than 80 years . the house even boasts the original bathroom which was built in a fetching mint green and black colour . the semi-detached property has a guide price of between # 200,000 and # 250,000 .",M9,5.0,5.0,5.0,2.6666666666666665,0.35431,0.09644,0.31546,0.35431235431235436,0.15810276679841895,0.18825422365245373,0.5274322628974915,28.91655502285808,0.25400476060311167,0.4967346719248256,0.28846834510570585,0.0499636635379613,0.340958149452554,0.44662157058955365,0.07427856146925428,64,1698
summeval,dm-test-808a439a5d83fc47baaea934c8779a7ebc62470d,"Referee Mark Clattenburg has been named to take charge of the Manchester derby on Sunday, despite having sent off three players from United and City this season. City captain Vincent Kompany was dismissed for two bookable offences during Belgium's narrow 1-0 defeat of Israel in their Euro 2016 qualifier on March 31, meaning he is now suspended for the match against Wales in June. And, although Clattenburg has been accused of favouring Louis van Gaal's side in the past, it's worth noting that the 40-year-old has only sent off two players season in the Premier League this season and both have been from United; Tyler Blackcett in the 5-3 defeat by Leicester and Luke Shaw in the 1-1 draw with West Ham. Mark Clattenburg will officiate the Manchester derby between United and City at Old Trafford The English referee sent off City and Belgium captain Vincent Kompany during the international break Leicester 5-3 Manchester United West Ham 1-1 Manchester United Manchester United 3-0 Tottenham Manchester City 3-1 West Ham Liverpool 2-1 Manchester City Chelsea 1-1 Manchester City Clattenburg has courted controversy during his career but is generally regarded as one of the Premier League's leading referees alongside Michael Oliver. The champion's shock 2-1 loss to Crystal Palace on Monday saw United move a point above their local rivals to add extra incentive for both sides ahead of the derby at Old Trafford, which could ultimately decide who finishes second behind expected winners Chelsea. While Manuel Pellegrini's side have struggled since the turn of the year, turning from title challengers to fourth place chases, United are coasting on confidence having won their last five consecutive league games. Clattenburg will be joined on Sunday by assistants Simon Beck and Jake Collin, while Jonathan Moss will serve as the fourth official. Clattenburg has shown only two red cards this season, both to United players including Luke Shaw (centre)",Manchester United host Manchester City in Premier League on Sunday. Mark Clattenburg has been named as the Manchester derby referee. Official sent off Vincent Kompany for Belgium and both his red cards shown in the league this season have been to United players.,Referee Mark Clattenburg has been named to take charge of the Manchester derby on Sunday . The 40-year-old has sent off three players from United and City this season . Vincent Kompany was sent off during Belgium 's 1-0 defeat of Israel .,M22,5.0,3.6666666666666665,5.0,3.3333333333333335,0.34551,0.14302,0.29457,0.35658914728682173,0.188422247446084,0.11175785797438884,0.5163751244544983,41.158882069971376,0.2797285123948607,0.5218879442246216,0.31606269260210507,0.37215825189328616,0.3415156077053574,0.47328158158069467,0.10302181549541335,65,1287
summeval,dm-test-2cfc33d01364162579f46b2764914a03a29453ce,"It's crunch time this weekend at the top of the Premier League as second-placed Arsenal host table toppers Chelsea - and it appears one star of the former's team cannot wait for the ever-nearing kick-off. Arsenal playmaker Mesut Ozil can now countdown the minutes until the 4pm encounter on Sunday with his brand new Apple Watch. The 26-year-old was the beneficiary of the timepiece - which ranges in price from £299 to £13,500 - as he visited an Apple store on Thursday afternoon. Arsenal midfielder Mesut Ozil (right) took to Instagram to show off his new Apple Watch on Thursday Ozil compared his watch to TV character Michael Knight in the hit action show Knight Rider Ozil took to Instagram to share his joy at his latest gift, comparing his gadget to former TV character Michael Knight from the hit action show Knight Rider. Accompanied with the caption: 'Excited about my new cool gadget! It's just like Michael Knight's watch, but a real one #knightrider #phone,' Ozil appears in awe of the device - which will be released on general sale on Friday. The midfielder, who has scored four goals in 25 matches for the Gunners in all competitions this season, is expected to start for Arsene Wenger's side at the Emirates Stadium on Sunday. Arsenal trail the Blues by 10 points with six league games remaining - but have been boosted by the return of Jack Wilshere. Wilshere was on the bench in their FA Cup semi-final win over Reading at Wembley on April 18 after five months out through injury. And club legend Ray Parlour believes that the 23-year-old’s fitness record is the one thing holding him back from reaching his undoubted potential in the Arsenal midfield. ‘I think he’s the future of the club,’ said Parlour. ‘I think if he stays fit, he’s a quality player, there’s no doubt about that. Jack Wilshere (centre) was on the bench for Arsenal's FA Cup semi-final against Reading Ray Parlour, who won three championships with Arsenal, has backed Wilshere to be the future of the club ‘The way he goes past players, the way he links up with people, I definitely think he’s got a big role to play. ‘But again, the big question mark is can he stay fit? Look at Abou Diaby. Diaby’s a terrific player. But look at him, the injuries the last few years. ‘The big burning question is can Wilshere have a full season without being injured for a long period, like he hasn’t had for the last three or four seasons.’ Wilshere, the England international, is pictured in training for Arsenal at London Colney last week",Arsenal playmaker Mesut Ozil was given an Apple Watch on Thursday. The Apple Watch will be officially released for sale on Friday. Ozil is expected to start for Arsenal in their clash vs Chelsea on Sunday.,"Parlour says the 23-year-old's fitness record is the one thing holding Wilshere back from reaching his undoubted potential in the Arsenal midfield 'He's a very good player, he's a very technically gifted player and he's got a great attitude. 'He's got a great attitude, a great work ethic, he's a very good player. I think he's got a great future.",M20,1.6666666666666667,3.3333333333333335,3.3333333333333335,3.6666666666666665,0.15555,0.0122,0.11966,0.1625320786997434,0.043591979075850044,0.033777777777777775,0.17813213169574738,2.855785513183435,0.12552251597346206,0.28057855175396385,-0.002720348437357467,0.001843235618775007,0.05062606012455739,0.27350371264215756,0.10622263921843202,66,1266
summeval,dm-test-d89de9c2a76f2665560becfe5d761a4fc62b9926,"First blood to United after their Under 18s saw off City 1-0 in the 'mini-derby'. Kits aside, this was probably as far removed from Sunday's big match as you could imagine. For a start, no less than 13 out of the 22 players on show at kick-off were English. Of those, 10 were Mancunian. Callum Gribbin was the matchwinner for Manchester United with a delightful free-kick Ticket prices? Entry was free and close to 1,000 gathered on the seats and terraces of Moss Lane for a match that kicked off at 3pm on Saturday with half-and-half scarves nowhere to be seen. Altrincham's compact 6,000-capacity home may not be Old Trafford, but it does have a proud history of its own. It was certainly a grander stage than a windswept Saturday morning on an outfield at United's Carrington complex, where Paul McGuinness's Under 18s usually ply their trade. The young Reds coach wanted to make the experience closer to what his tyros could expect should they make the step up to the seniors. And his side lined up with three at the back and supporting wingbacks in a formation seen more than once this season in the first team. In an even first-half the impressive Marcus Wood, from just down the road in Sale, came closest for City with an audacious chip. United manager Paul McGuinness saw his side claim victory in the 'mini derby' For the home side towering centre-forward Marcus Rashford, another local lad from whom big things are expected, wasted two decent opportunities when put through. Just before the hour mark England Under 17 star Callum Gribbin made and scored the first. In March, the nifty-footed attacking midfielder went viral when United tweeted a clip of him showing outrageous skills to trick four Aston Villa players. He was at it again here, showing nifty footwork on the edge of the box and drawing a foul. After dusting himself down Gribbin stepped up to curl a delightful free-kick around the wall and beyond blonde Joe Hart-a-like Charlie Albinson in the City goal. Moments later it was almost two when full-back Cameron Borthwick-Jackson's rasping 25-yard drive struck the angle of the crossbar and post. The same man looked to have gotten away with one when he appeared to clip Buckley in the box before sub Aaron Nemane hit the side-netting as the visitors looked for an equaliser. Dutch winger Javairo Dilrosun curled a free kick onto the roof of the net in stoppage time for City but that was all she wrote. The result leaves United, who have won two of this year's cross-town clashes, two points behind leaders Middlesbrough with a game in hand. Injury-ravaged City however, have now lost both matches in the Barclays Under 18s Premier League end-of-season play-off series. FA chief Greg Dyke recently bemoaned the lack of first-team opportunities for homegrown talent between the ages of 18 and 21. On the evidence of this entertaining 90 minutes high on skill and commitment, there are talents on both sides that may well deserve their chance in the On the evidence of this entertaining 90 minutes high on skill and commitment, there are talents on both sides that may well deserve their chance in the coming years.","Man United beat Man City 1-0 in Saturday's under 18 encounter. Callum Gribbin scored the winning goal at Moss Lane, Altrincham. The result leaves United two points behind leaders Middlesbrough. The 'real' Manchester derby takes place at Old Trafford on Sunday.","manchester united under 18s beat city 1-0 in the 'mini-derby' callum gribbin scored the matchwinner with a delightful free-kick . 13 out of the 22 players on show at kick-off were english . of the 22 players on show, 10 were mancunian .",M23,5.0,3.6666666666666665,2.6666666666666665,3.3333333333333335,0.33565,0.10451,0.29398,0.35648148148148145,0.16152019002375298,0.15609756097560976,0.44220054149627686,25.635684483892156,0.2669412887804689,0.4547402111401591,0.21404294028093895,0.2886815507561895,0.30124453147039565,0.43052133551472116,0.07675889669604423,67,740
summeval,dm-test-8847383b72167c3f3dd2161b5b091b580c8f4da7,"Residents on the east coast of Japan's Hokkaido Island had an unexpected change of scenery this morning after 1,000ft of seabed was forced to the surface overnight. The extra stretch of coastline on Shiretoko Peninsula near the town of Rausu has risen as high as 50ft from the sea surface in some places, exposing what used to be the ocean floor. Geologists believe the emergence is a result of a landslide nearby, when melting ice and snow caused a section of land to drop, pivoting the underwater area into the air. Scroll down for video Surprise! A man stands on a clump of land that emerged overnight along the coastline of Shiretoko Peninsula near Rausu, on Hokkaido Island, Japan 'An aerial survey indicates that the land swell happened as a result of a landslide', local researcher Yoshinori Yajima told the Hokkaido Shimbun newspaper after he flew over the area Monday. The mass, which has risen some 30 to 50ft above sea level,  measures roughly 1,000- 1,640ft long, and 100ft wide, a town official said. The new stretch of land came as a complete surprise to the locals, as there was no indication of the land movement overnight 'The local residents said they didn't hear any sounds and there were no tremors (when the land appeared),' said Katsuhiro Tanaka, the president of the Rausu Fisheries Cooperative Association, who viewed the expanded coastline the day it was discovered. The mass, which has risen some 50ft above sea level, measures roughly 1,000- 1,640ft long, and 100ft wide No clue: Local residents on Hokkaido island say they felt no tremors overnight, or heard any sounds to indicate movement, and that the landmass just appeared New view: Local residents from Rausu, Hokkaido, take a look at the newly emerged coastline Authorities have not been able to determine exactly when the landslide hit the snow-covered coastline, but they do not expect it to expand further, said an official at the central government's Hokkaido Regional Development Bureau. 'Our understanding is that this is different from earthquakes,' he told AFP. It is not believed to be related to the 7.8magnitude earthquake that struck the Kathmandu Valley on Saturday, which so far has claimed more than 4,000 lives. Under the sea: Marine organisms such as seaweed and sea urchins are still attached to the land mass","A 1,000ft stretch of land rose up above sea level on Japanese island. The 100ft wide mass on Hokkaido is now some 30 to 50ft above sea level. It is believed to have been forced to the surface by a landslide nearby.","stretch of coastline on shiretoko peninsula near the town of rausu has risen as high as 50ft from the sea surface in some places . geologists believe the emergence is a result of a landslide nearby . melting ice and snow caused a section of land to drop, pivoting the underwater area into the air .",M23,5.0,4.666666666666667,5.0,4.333333333333333,0.35206,0.08604,0.30524,0.3549295774647887,0.1476510067114094,0.10186092066601372,0.4741160571575165,34.3321896669343,0.2229871710663473,0.4423817976489093,0.26913169411947035,0.13631305103545055,0.2649585282904581,0.4021069709550772,0.09750345088283538,68,1182
summeval,dm-test-2cf8c2d1d2ceb1980249f77e703f9039e63799d0,"Sick of awkward father-daughter portraits? Well one photographer has found an effective - if a little odd - way of making them more interesting. Japanese photographer Yûki Aoyama's latest series of images capture po-faced teenagers pictured next to their fathers leaping into the air. In each picture the daughter looks directly into the camera smiling while her father pulls a dramatic pose. A series of images by photographer Yûki Aoyama sees fathers leaping into the air next to their daughters The images are from the 37-year-old's latest book which roughly translates into Daughter and Salary Man. According to the  photographer's website the images allow the father who usually has to act serious to express his fun side by being 'a hero jumping the sky, enfold(ing) strong excitement and hope.' Salary man may refer to the choice of clothing in the shoot which sees each dad in a sharply dressed suit. The images see the fathers pull energetic poses despite their age with some of the expressions of the older fathers looking slightly pained. Very little else is known about the pictures or why they have come into existence but they are already drumming up plenty of interest online for their curious nature. The 37-year-old's images are said to be part of a book which roughly translates as Daughter and Salaryman Each image sees the daughter stood po-faced as their father makes an energetic leap Some of the older fathers adopt a pained expression as they make their jump Each photograph sees the daughter wearing casual clothing with her father in a sharp suit The pictures see the families pose in front of various Japanese landmarks Very little is known about the set of photos but they are already drumming up plenty of interest online Some of the jumps are more subtle than others with this father opting for a classic jump This young girl can't help but giggle at her dad's ambitious leap This dapper dad adds a peace gesture into his final pose This father can't help but jump for joy in his portrait",A series of photos sees Japanese dads jumping next to their daughters. They are part of a new book by Japanese photographer Yûki Aoyama. The book's title roughly translates as Daughter and Salary Man.,japanese photographer yûki aoyama 's latest series of images capture po-faced teenagers pictured next to their fathers leaping into the air . the images are from the 37-year-old 's latest book which roughly translates into daughter and salary man . a series of images by photographer yûki aoyama sees fathers leaping into the air next to their daughters .,M1,5.0,4.0,5.0,3.3333333333333335,0.36888,0.12954,0.32276,0.368836291913215,0.15524193548387097,0.15257731958762888,0.5384782552719116,34.82994934052316,0.3078929351959109,0.4681855882524182,0.281667007251753,0.08416450351502786,0.4735820820373884,0.5551578844339571,0.17227579146790456,69,393
summeval,dm-test-c6667409fcdea2c89ba9f0d3a72c50e3967b4b1b,"Everton manager Roberto Martinez was forced to defend another penalty fiasco at the club after Ross Barkley missed from the spot in their 1-0 win against Burnley at Goodison Park. The untried Barkley inexplicably took the 10th minute kick – awarded for a foul by David Jones on Aaron Lennon – rather than Leighton Baines, who has scored 15 penalties from 16 attempts in the Premier League. Although there was no dispute between the team-mates this time, it brought back memories of Everton's match against West Brom in January when Kevin Mirallas grabbed the ball from Baines to take a penalty - and missed. Ross Barkley steps up to take a 10th minute penalty despite the presence of Leighton Baines on the pitch Barkley's effort is saved by Burnley goalkeeper Tom Heaton at Goodison Park Martinez insisted Barkley was within his rights to request penalty-taking duties on Saturday. 'If Romelu Lukaku had been on the pitch, he would have taken it. Otherwise, I am happy to have three or four players who can take penalties and let it depend on how they feel at that moment,' argued the Everton manager. Baines (left) has scored 15 penalties from 16 attempts in the Premier League 'Ross showed incredible responsibility to take it. I love seeing players take control of the big moments and Leighton was happy to given him that responsibility.' Barkley's penalty was well-struck but wasn't put in the corner and Burnley goalkeeper Tom Heaton dived to his right to save. Fortunately for the young England player, it didn't prove costly as Mirallas went on to score the only goal of the game after 29 minutes. Everton boss Roberto Martinez issues instructions to his players during a break in play against Burnley",Everton defeated Burnley 1-0 at Goodison Park on Saturday. Kevin Mirallas scored the only goal of the game in the 29th minute. Ross Barkley had earlier missed a 10th-minute penalty. Leighton Baines has scored 15 penalties from 16 attempts this season.,ross barkley has scored 15 penalties from 16 attempts in the premier league . everton manager roberto martinez was forced to defend another penalty at the club . the untried barkley took the 10th minute kick for a foul by david jones on aaron lennon .,M10,1.6666666666666667,3.0,5.0,1.6666666666666667,0.37219,0.10296,0.323,0.38543897216274087,0.162280701754386,0.10112359550561797,0.47156572341918945,35.251700870289916,0.2551195968328191,0.39426399403540535,0.2841747710114867,0.4332925016058117,0.3133656415008633,0.43754900207303504,0.1567403673543424,70,1442
summeval,dm-test-2c37d44d03ce2e91310339d884d33ee5aabf9abc,"A two-year-old boy is recovering after falling into a cheetah exhibit at the Cleveland Metroparks Zoo after his parents dangled him over the edge, officials said. The toddler's mother was holding him and another child when he slipped and fell between 10 to 12ft and into the pit on Saturday around 3pm. The child was rescued by his parents before firefighters and paramedics arrived on the scene. Scroll down for video A mother was holding the two-year-old boy and another child when the toddler slipped and fell into the cheetah exhibit at the Cleveland Metroparks Zoo (file photo of cheetahs at the Cleveland zoo) The boy was rescued by his parents from the pit (pictured) before firefighters and paramedics arrived on the scene. He suffered from minor bumps and bruises and was listed in stable condition at the hospital He is listed in stable condition after being taken to MetroHealth Medical Center and suffered from minor bruises and bumps. The boy's leg was injured in the fall, but he was not attacked by the animals, Dr. Christopher Kuhar, the zoo's executive director told Fox 8. Michael Lurie and his family were at the Cheetah exhibit when they heard the child scream. 'You saw how far the drop was and you just couldn't believe the kid didn't hurt himself from falling down on the ground,' Lurie told WKYC. 'I was just shocked,' he said. 'I didn't understand how the parents let the kid go over the thing.' The cheetahs did not approach the boy or his parents while in the pit, according to zoo officials. Zoo visitor Terra Lurie believes the boy was not approached by the fast feline because they were frightened. 'I think they were just curious as to what was going on and why somebody was in the pen with them,' she said. 'It's not every day that somebody is just in the pen with them.' 'And everyone else is screaming and they probably got scared.' Kuhar said the zoo had received 'a number of eyewitness accounts' that indicate the 'strong likelihood that the child was dangled over the railing,' he told NewsNet5. Cleveland Metroparks Zoo has plans to press child endangerment charges against the family on Monday. The exhibit was closed following the child's fall. Zoo visitor Michael Lurie was at the cheetah exhibit when he heard the child scream. He said he was 'shocked' and 'didn't understand how the parents let the kid' go over the railing and into the pit Cleveland Metroparks Zoo plans to press child endangering charges against the child's mother (above file photo of visitors at the Cleveland zoo)",The child was held by his mother when he slipped and fell between 10 and 12ft into the pit on Saturday around 3pm at the Cleveland Metroparks Zoo. He was rescued by his parents before emergency responders arrived on the scene; he suffered from minor bruises and bumps. The cheetahs seemed to ignore the boy and his parents while in the pit. Zoo plans to press child endangerment charges.,"visitors at cleveland metroparks zoo in ohio heard a scream as the toddler tumbled into the pit at 3pm on saturday . his parents jumped in and pulled him to safety before paramedics arrived to treat the boy for a leg injury . though the felines appeared to avoid the child , dr christopher kuhar , executive director at the zoo , said there is a strong chance charges will be pressed on monday .",M5,5.0,4.666666666666667,5.0,3.3333333333333335,0.34822,0.0832,0.2753,0.34684684684684686,0.18625954198473282,0.17391304347826086,0.47881951928138733,16.936190323803523,0.22927683507589589,0.388694093546128,0.27951139222521937,0.18584836373639166,0.3165155448133534,0.41839413316452057,0.11910478955981961,71,142
summeval,dm-test-f37fd6e9b6cc18a7132568e307ef3b130931e809,"Police are investigating claims by a former royal footman that palace aides tried to force him into an orgy, it was revealed yesterday. Christopher Lawler said he was pinned to a chair and groped by a male member of staff on his first day working at Clarence House. The ordeal left him in tears and he left the job the same day. He finally decided to contact palace officials again last year after inquiries began into alleged cover-ups of child sex abuse by a VIP paedophile ring in the 1970s and 80s. Police are investigating claims made by a former royal footman that Clarence House aides tried to force him into an orgy in the 1970s But his complaints were ignored for months before the police were finally notified, he claims. Mr Lawler, now 64, said the attempted abuse at the Queen Mother’s London residence happened in January 1978 when he was 27. He said he was accosted after he walked into a bedroom to look for a pen on his first shift. Two men offered him a drink before two other men joined them – one a senior member of staff, he said. He was asked if he was gay before a younger man took his trousers off and began performing a sex act on himself. ‘That prompted another guy to put his hand on my leg and then he grabbed me,’ he told the Sunday People. ‘I was staggered. The younger man then came up behind me and gripped me, holding me in the chair. Mr Lawler worked at Clarence House when the Queen Mother used it as her London residence ‘They were trying to undo my trousers but I managed to jump up and burst out of the room.’ Afterwards, Mr Lawler said he was followed by two men and threatened to keep quiet. A complaint he made that day allegedly drew an angry response from Clarence House – so he packed his bags immediately. Mr Lawler, a former Port of Liverpool police officer, said he was ‘haunted’ by the incident for years. After hearing about the probe into historical cases of child abuse last year he wrote to the Palace, but was twice rebuffed. Months later the complaint was finally passed to Scotland Yard. A retired royal aide, who is now in his 80s, was reportedly interviewed but denied he was involved because he was working for the Queen in Balmoral at the time. Mr Lawler has now been told by the Palace that the Royal Household would work ‘exhaustively and co-operatively’ with any police probe. A police spokesman said it would be inappropriate to comment ‘as investigations continue’.","Christopher Lawler claims he was pinned to a chair and groped by staff. He left job at Clarence House the same day as alleged incident in 1978. Mr Lawler, now 68, claims he reported his account but was twice ignored. The palace is now 'cooperating' with police to investigate historic claims.",Alleged abuse by Clarence House staff took place in 1978 when he was 27. He was accosted after he walked into a room to look for a pen on his first shift He said he was told by police that he had 'failed to establish the identity of the accused' and the case was closed. He said: 'I was devastated.,M20,1.3333333333333333,4.333333333333333,3.0,3.0,0.28201,0.05996,0.21107,0.28719723183391,0.11463844797178131,0.10251798561151078,0.3200471103191376,14.83213188407274,0.14690867270767274,0.3196544859810708,0.126566151065148,0.06820764800442339,0.16727075111558476,0.34130558791135357,0.11519614622102356,72,93
summeval,dm-test-4f3b35b540ba05f0f82d71a694ec23dde4dc3e01,"A gang of at least three people poured gasoline on a car that stopped to fill up at California gas station early on Saturday morning and set the vehicle on fire. The driver of the car, who has not been identified, said he got into an argument with the suspects while he was pumping gas at a 76 Station in South Los Angeles around 12:15am on Saturday. The group covered his white Dodge Charger in gasoline and lit it ablaze while there were two passengers inside. Scroll down for video Firefight: At least three people poured gasoline on a car and lit it on fire at a South Los Angeles gas station Explosive situation: Group covered the white Dodge Charger and lit it while there were two passengers inside Burnt out: The passengers and the driver were not hurt during the incident but the car was completely ruined The man's grandmother said the fire was lit after the suspects attempted to carjack her grandson, ABC 7 reported. She said: 'He said he was pumping gas and some guys came up and asked for the car. 'They pulled out a gun and he took off running. 'They took the [gas] tank and started spraying.' No one was injured during the fire, but the car's entire front end was torched, according to NBC Los Angeles. The Los Angeles County Fire Department is investigating the incident as an arson and the suspects remain at large. Surveillance video of the incident is being used in the investigation. Heated argument: Before the fire, which occurred at 12:15am on Saturday, the suspects tried to carjack the man Hot case: The Los Angeles County Fire Department is investigating the incident at the LA 76 station as an arson","Gang of at least three poured gasoline on a car at South LA gas station. Before the fire was started, the gang attempted to rob the driver of his car. Two people were inside white Dodge Charger when it went up in flames. No one was hurt and LA Fire Department is investigating crime as arson.","a gang of at least three people poured gasoline on a car that stopped to fill up at california gas station early on saturday morning and set the vehicle on fire . the driver of the car , who has not been identified , said he got into an argument with the suspects while he was pumping gas at a 76 station in south los angeles around 12:15 am on saturday . the group covered his white dodge charger in gasoline and lit it ablaze while there were two passengers inside .",M0,5.0,4.333333333333333,5.0,4.333333333333333,0.40602,0.15129,0.3527,0.40902872777017785,0.22777777777777777,0.2228490832157969,0.5318239331245422,40.36182558946237,0.3049968794989749,0.5362143237776315,0.31123064661474753,0.07285142510652107,0.6001373454570468,0.6342282750256997,0.2088660352933047,73,1354
summeval,dm-test-cf4ba8f94f2dd5604eb8f8a4e655c10cf0996365,"New Zealand police are appealing to the public to help identify a man who robbed a Christchurch dairy wearing a 'distinctive' cartoon mask. The offender, snapped on security footage in a fluoro orange sweatshirt and oversized  mask, is described as being 'very tall'. He made off with the dairy's till and about $1500 in cash on Saturday, Stuff.co.nz reports. A man in a 'distinctive' cartoon mask demanded cash from owner's daughter on Saturday Police were reportedly called to the Union St dairy, in east Christchurch at about 12.30pm, after receiving reports of a masked man demanding cash from the dairy owner's daughter. Christina Chen told reporters her 30-year-old daughter ran out of the shop screaming 'robber!'. The masked man threw the cash register to the ground and took off with the till drawer and up to $1,500. 'Normally they just rob cigarettes and some more things, it's not a big issue,' Chen told Stuff.co.nz. 'But this time they were scary because they wore a mask, and we don't know who it is.' Police say there were no signs of any weapons used but that the robber remained at large. They are asking anyone with information that may help to identify this person to call Crimestoppers on 0800 555 111 or to message police online.",Police were called to a dairy in east Christchurch after reports of a robbery. Man in a 'distinctive' cartoon mask demanded cash from owner's daughter. Police are appealing to the public for help in identifying the offender.,a man in a 'distinctive' cartoon mask robbed a christchurch dairy on saturday . he made off with the dairy's till and about $1500 in cash . police say there were no signs of any weapons used but that the robber remained at large .,M17,5.0,4.666666666666667,5.0,5.0,0.36952,0.10684,0.30898,0.39039665970772447,0.17521367521367523,0.17286652078774617,0.5613855719566345,36.67406322274402,0.28192214184786146,0.4216463148413084,0.3648953489811484,0.42324999275377645,0.3081118951550852,0.43236224017192226,0.12085970759609503,74,466
summeval,cnn-test-404f859482d47c127868964a9a39d1a7645dd2e9,"(CNN)Donald Sterling's racist remarks cost him an NBA team last year. But now it's his former female companion who has lost big. A Los Angeles judge has ordered V. Stiviano to pay back more than $2.6 million in gifts after Sterling's wife sued her. In the lawsuit, Rochelle ""Shelly"" Sterling accused Stiviano of targeting extremely wealthy older men. She claimed Donald Sterling used the couple's money to buy Stiviano a Ferrari, two Bentleys and a Range Rover, and that he helped her get a $1.8 million duplex. Who is V. Stiviano? Stiviano countered that there was nothing wrong with Donald Sterling giving her gifts and that she never took advantage of the former Los Angeles Clippers owner, who made much of his fortune in real estate. Shelly Sterling was thrilled with the court decision Tuesday, her lawyer told CNN affiliate KABC. ""This is a victory for the Sterling family in recovering the $2,630,000 that Donald lavished on a conniving mistress,"" attorney Pierce O'Donnell said in a statement. ""It also sets a precedent that the injured spouse can recover damages from the recipient of these ill-begotten gifts."" Stiviano's gifts from Donald Sterling didn't just include uber-expensive items like luxury cars. According to the Los Angeles Times, the list also includes a $391 Easter bunny costume, a $299 two-speed blender and a $12 lace thong. Donald Sterling's downfall came after an audio recording surfaced of the octogenarian arguing with Stiviano. In the tape, Sterling chastises Stiviano for posting pictures on social media of her posing with African-Americans, including basketball legend Magic Johnson. ""In your lousy f**ing Instagrams, you don't have to have yourself with -- walking with black people,"" Sterling said in the audio first posted by TMZ. He also tells Stiviano not to bring Johnson to Clippers games and not to post photos with the Hall of Famer so Sterling's friends can see. ""Admire him, bring him here, feed him, f**k him, but don't put (Magic) on an Instagram for the world to have to see so they have to call me,"" Sterling said. NBA Commissioner Adam Silver banned Sterling from the league, fined him $2.5 million and pushed through a charge to terminate all of his ownership rights in the franchise. Fact check: Donald Sterling's claims vs. reality CNN's Dottie Evans contributed to this report.","V. Stiviano must pay back $2.6 million in gifts from Donald Sterling. Sterling's wife claimed the ex-Clippers used the couple's money for the gifts. The items included a Ferrari, two Bentleys and a Range Rover.",a los angeles judge has ordered v. stiviano to pay back more than $ 2.6 million in gifts after sterling 's wife sued her . -lrb- cnn -rrb- donald sterling 's racist remarks cost him an nba team last year . but now it 's his former female companion who has lost big . who is v. stiviano ? .,M1,4.666666666666667,2.3333333333333335,4.333333333333333,1.0,0.41391,0.1838,0.35861,0.41391614629794826,0.22020018198362146,0.2042711234911792,0.47140172123908997,23.559973172451933,0.3030885459398871,0.4130660340951221,0.3473608499176858,0.5511269535289343,0.5009468656420972,0.5931754304804392,0.19392046309453076,75,1583
summeval,dm-test-3ba3bde4a1440134bb38ec22ba50db59986b544c,"Liverpool manager Brendan Rodgers has reminded Raheem Sterling and Jordon Ibe about their professional responsibilities and urged them to learn from a chastening week. Sterling, the England international who will lead Liverpool’s line at Wembley on Sunday in the absence of the injured Daniel Sturridge, was exposed for inhaling the legal high nitrous oxide on Monday. Then 24 hours later pictures emerged of Sterling and Ibe with shisha pipes. Raheem Sterling (right) was pictured smoking a shisha pipe with team-mate Jordon Ibe earlier this season Liverpool boss Brendan Rodgers (left) hasn't disciplined Sterling (pictured) or Ibe for the incident Ibe was present among the Reds squad during their training session on Friday ahead of their FA Cup semi Rodgers, who has Steven Gerrard available for the FA Cup semi-final with Aston Villa, spoke to Sterling and Ibe in his office on Thursday but neither will be disciplined and Rodgers now wants to draw a line under the matter. He said: ‘It is understanding that when you are a professional, elite sportsperson, there are things you can and cannot be doing and be seen to be doing. ‘It’s not just for your welfare but also because of your responsibilities. ‘It is difficult. Some of these young guys are doing what you would consider to be normal things — and I’m not talking about this instance — (but) how it gets framed is totally different.’ Rodgers would not discuss whether he would give Gerrard, available after a three-match suspension, an immediate recall against Villa, making it clear that his sole priority is steering Liverpool into their first FA Cup final of his reign. They fell short in the title race last season and then faltered in the last four of the Capital One Cup in January, but Rodgers thinks they are ready to progress. Reds have captain Steven Gerrard (centre) back for their FA Cup semi after serving a three-match suspension ‘When you get so close, whether it was in the title race or the cup, it hurts,’ said Rodgers. ‘Trace back the winners in sport. If you look at everything they have won, also look at what they have lost. You will see that they go close on a number of occasions before they step on. ‘Look at players who have won Champions Leagues and you trace back and see they have also lost Champions League semi-finals and finals. It’s all part of the journey — losing but taking that forward and improving you.’ Rodgers (left) hasn't revealed whether he'll recall Gerrard for Sunday's clash against Aston Villa at Wembley",Liverpool face Aston Villa in their FA Cup semi-final at Wembley on Sunday. Liverpool forwards Raheem Sterling and Jordon Ibe were pictured with a shisha pipe earlier this season. Neither have been disciplined by Reds boss Brendan Rodgers for incident.,raheem sterling will lead liverpool 's line at wembley on sunday in the absence of the injured daniel sturridge . liverpool boss brendan rodgers has n't disciplined sterling or ibe for the incident . ibe was present among the reds squad during their training session on friday .,M10,5.0,2.3333333333333335,5.0,2.0,0.26347,0.07755,0.23154,0.292,0.1247443762781186,0.08786610878661089,0.43103235960006714,13.996103362899476,0.231176017423837,0.3856728089523025,0.29763398492168014,0.22520308148574145,0.16571045018035835,0.3447538718868183,0.09580337974569994,76,592
summeval,dm-test-e428e25bbf8e06643154ce31b7c6fab64c81e857,"The owners of this house better not leave too quickly, after a speed camera was angled directly on their front door. The bright yellow gatso had previously enforced the 30mph speed limit for motorists along the residential road in Handsworth, Birmingham. However, it has not been working for two years after every single fixed device was switched off in the West Midlands. Big Brother is watching: A speed camera has been turned round and is pointing at this house in Birmingham, West Midlands The speed camera has not been working for more than two years Around 300 speed and traffic camera, using old technology, were turned off across the region in March 2013 In there place, speed enforcement operations have been carried out by a small number of mobile camera units, fixed cameras on motorways and traffic officers on patrol. Mystery surrounds who had re-pointed the camera, but a spokesman for Birmingham City Council said they were aware of it. One of their engineers will now be visiting the site and the camera could be removed completely. 'Fixed location safety cameras have been decommissioned across the West Midlands since 2013 as the technology inside them had become obsolete,' the spokesman said. 'Plans for a pilot at a limited number of sites, using digital technology, is currently in development. 'Now the issue with this camera in Wellington Road has been brought to our attention, we will take any appropriate action at the site.' The spokesman confirmed that there were no plans to include the camera in Wellington Road in the new pilot. The owners of the house were not available for comment.","Speed camera discovered pointing at house in Handsworth, Birmingham. Fixed cameras  switched off across the West Midlands in Spring of 2013. Site is not going to be part of a new trial using digital technology. Obsolete camera may now be taken down after engineers examine device.","the bright yellow gatso had previously enforced the 30mph speed limit for motorists along the residential road in handsworth , birmingham . however , it has not been working for two years after every single fixed device was switched off in the west midlands . the speed camera has not been working for more than two years .",M2,5.0,3.3333333333333335,5.0,2.6666666666666665,0.26371,0.06097,0.24447,0.26229508196721313,0.14187192118226602,0.1470292044310171,0.3931669294834137,17.052474015584874,0.1770584941897675,0.3855780824266904,0.18724792666246592,0.14419561500574773,0.2168975247632151,0.36565463433791323,0.12733297127997678,77,163
summeval,cnn-test-b1c3fc03a2b74cf4c79844c1fe2fdce70a8a436e,"Rome (CNN)Italy is coping with a rising wave of desperate migrants from Africa and Middle East hoping to make it to Europe. From Friday to Monday, a total of 8,480 migrants were rescued, according to the Italian coast guard, which said it received on Monday -- alone -- SOS calls from 20 boats in distress. On Tuesday, a spokesman with Save the Children told CNN the group fears 400 migrants could be missing, citing testimony from survivors who said their ship carrying 550 people capsized in the Mediterranean Sea about 80 miles off the Libyan coast. The Italian coast guard, however, told CNN that while it is taking the report seriously, it cannot confirm such an incident and has not yet found evidence at sea to indicate a migrant boat carrying approximately 550 has capsized with 145 rescued. An operation that included boats and planes did not find any survivors, nor bodies, nor any evidence to indicate a particular boat capsized, Coast Guard official Filippo Marini said. There has been a recent upsurge in migrant boats crossing the Mediterranean into Italy and an increase in rescues performed by the Italian Coast Guard to aid migrant boats. Why migrants are dying trying to reach Italy According to the International Organization for Migration, Italy registered more than 10,000 migrants arriving in the first three months of 2015, and about 2,000 were rescued at sea during the first weekend of April in the Channel of Sicily. Most migrants recorded this year come from countries in West Africa as well as Somalia and Syria, the IOM said. They use Libya as a country of transit. At least 480 migrants have died while crossing the Mediterranean since the beginning of the year, often because of bad weather and overcrowded vessels used by smugglers, the IOM said. Sometimes the captains and crews abandon the ships, leaving passengers to fend for themselves. Last week: 978 migrants rescued in one day in Mediterranean Sea CNN's Ralph Ellis contributed to this report.","The Italian coast guard says 8,480 migrants were rescued from Friday to Monday. Save the Children said Tuesday 400 migrants could be missing from a boat. The Italian coast guard cannot confirm that report.","from friday to monday , a total of 8,480 migrants were rescued , according to the italian coast guard , which said it received on monday -- alone -- sos calls from 20 boats in distress . on tuesday , a spokesman with save the children told cnn the group fears 400 migrants could be missing , citing testimony from survivors who said their ship carrying 550 people capsized in the mediterranean sea about 80 miles off the libyan coast . rome -lrb- cnn -rrb- italy is coping with a rising wave of desperate migrants from africa and middle east hoping to make it to europe .",M1,5.0,3.6666666666666665,5.0,3.6666666666666665,0.28534,0.09164,0.25916,0.30255402750491156,0.15415282392026577,0.12811867835468643,0.4521322250366211,24.939748449677353,0.29949652442632685,0.438710686437298,0.1746126912870779,0.010273476898833414,0.38884987982462227,0.4789824150209204,0.13360205668597708,78,206
summeval,dm-test-8b51a10370a1219137e231192e65b9cd52238ea6,"There would have been no mercy in the dressing room. Nothing is sacred in the team. When Ben Stokes first turned up at the Kensington Oval this week someone would have said: ‘Mind that locker, Stokesey.’ It was here, of course, that Stokes broke his wrist punching a locker after being dismissed last year and that will be a reminder to him of the need to channel his aggression in the right way now he is back in the England team. Ben Stokes has forged a reputation as a fiery character in the England cricket team Stokes (left) clashed with Marlon Samuels during the second Test between West Indies and England But Stokes (right) responded positively to the row after talking to England coach Peter Moores Only a slight niggle in his back might stop Stokes playing here in Barbados and I am glad he has fought his way back after what has been a year of ups and downs. I like Stokes and I like his character at a time when the game can be perceived as producing robots and players who cannot capture the imagination. He has something about him, as he showed when he was in Mitchell Johnson’s face during the Ashes series. He was not worried about the bombardment he would get in return. But I do believe he will need careful man-managing. Peter Moores, England’s coach, dragged him to one side after his clash with Marlon Samuels in the second Test and had a long chat with him and if it was to talk about how he should respond then the advice he gave was clearly right. The way he approached the Jamaican after that third-day salute was spot on. England must make sure they do not quash that natural exuberance and desire to take someone on. It will not always come off but we have to accept that there will be lows as well as highs with this lad. What Stokes must not do is try to live up to his reputation and become pigeon-holed. He can be feisty and fiery as long as it’s natural but his aggression has to be controlled. You want the character as long as the end product is runs and wickets. Stokes (second left) can use his aggression to bring runs and wickets to the England team Stokes (left) congratulates England captain Alastair Cook after the side won the second Test England want to have Stokes in the team as much as possible to help him hit his full potential Let him go a bit but rein him in occasionally. There is an argument here to play the second spinner in Adil Rashid and if England went down that route in Bridgetown the place of Stokes or Chris Jordan would come into question but they clearly want both to play as much as possible. This summer there will rarely be the need for two spinners so England want these two exciting cricketers to grow into the international game. They can only get better and that’s an exciting prospect.","Ben Stokes returns to the ground where he broke his wrist hitting a locker. He clashed with West Indies batsman Marlon Samuel in the second Test. But his aggression, when controlled, is important to England.","' it was here , of course , that stokes broke his wrist punching a locker after being dismissed last year and that will be a reminder to him of the need to channel his aggression in the right way now he is back in the england team . ben stokes has forged a reputation as a fiery character in the england cricket team . stokes -lrb- left -rrb- clashed with marlon samuels during the second test between west indies and england .",M2,5.0,4.333333333333333,4.666666666666667,2.6666666666666665,0.35938,0.124,0.275,0.3625,0.18441971383147854,0.20711974110032363,0.41191208362579346,24.966670273142576,0.29346110112239765,0.4647332720488115,0.3545732255802736,0.06259545407994549,0.4962973130956755,0.5612845351954763,0.14897813958225634,79,928
summeval,dm-test-9b5a04b9879fe716a2dcd66dd331f99534603c16,"Outspoken MP Bob Katter has risked being drawn into a race row after accusing the Queensland Government of believing embattled MP Billy Gordon was 'a little black puppet on a string'. In a bizarre statement on his party's website, Mr Katter said the Government believes Mr Gordon would quit after he was recently accused of domestic violence - and later admitted to his criminal past. Mr Katter, federal MP for Kennedy, is of Lebanese descent. He said he's been personally subjected to racist attitudes from both major parties in the past, and that he sympathised with Mr Gordon's position. Federal MP Bob Katter, who released a statement today accusing the Queensland Government of assuming Billy Gordon would quit after he was recently accused of domestic violence Mr Gordon was forced to quit the Queensland Labor Party last week in the wake of being accused of domestic violence and withholding his criminal history from Premier Annastacia Palaszczuk . He announced on Wednesday he will remain in the Queensland parliament as an independent, throwing the Government, which holds a razor-thin majority, into chaos. 'In the last two cases where this occurred in the federal parliament, there was never any question raised about the member resigning. So why was it assumed here that Billy Gordon would resign?' Mr Katter's statement reads. 'I can't help but think that the Queensland Government thought they had a little black puppet on a string. Mr Gordon, who  was forced to quit the Queensland Labor Party last week in the wake of being accused of domestic violence and withholding his criminal history The statement has sparked criticism on social media, with users questioning his terminology. 'Irrespective of his weird use of the term 'black puppet' it's kinda odd how Bob Katter is speaking on Billy Gordon's behalf' wrote Benjamin James. Not that John wrote: 'Wow, Bob Katter calls Billy Gordon, 'black puppet on a string' and the lefty loons stay silent. What if Abbott had said it?' The statement has sparked criticism on social media, with some users questioning his terminology Mr Katter has since defended the statement, saying he used the term black puppet in light of his personal experiences Mr Katter has since defended the statement, saying he used the term black puppet 'because I'm dark and I come from Cloncurry.' 'I can understand and I can identify with the attitudes that these people have and I'm going to call it for what it is,' he said. 'I deliberately put that comment in with a forethought, because I think they deserve a belting for the racial overtones.' Mr Katter used federal MPs Tony Windsor and Rob Oakeshott as examples of independents becoming puppets for the government and sacrificing their independence, but he vowed Mr Gordon would not make that mistake.",Mr Gordon was forced to quit Labor after being accused of domestic violence. Mr Katter accused the Queensland Government of assuming Mr Gordon would quit from the allegations. Mr Katter said he had been personally subjected to racist attitudes from both major parties in the past.,"bob katter, federal mp for kennedy, released a statement on his party's website . he accused the queensland government of believing embattled mp billy gordon would quit after he was recently accused of domestic violence . the statement has sparked criticism on social media, with users questioning his terminology . mr katter has since defended the statement, saying he used the term black puppet 'because i'm dark and i come from cloncurry'",M23,5.0,4.333333333333333,5.0,5.0,0.33076,0.11703,0.2862,0.33761782347900604,0.17117903930131,0.1317898486197685,0.42003971338272095,27.04123239059009,0.2597167233593375,0.4180294266178705,0.23867685558313134,0.013583955075354792,0.4620037042340107,0.5404434038388567,0.14297010327617074,80,1301
summeval,dm-test-d89de9c2a76f2665560becfe5d761a4fc62b9926,"First blood to United after their Under 18s saw off City 1-0 in the 'mini-derby'. Kits aside, this was probably as far removed from Sunday's big match as you could imagine. For a start, no less than 13 out of the 22 players on show at kick-off were English. Of those, 10 were Mancunian. Callum Gribbin was the matchwinner for Manchester United with a delightful free-kick Ticket prices? Entry was free and close to 1,000 gathered on the seats and terraces of Moss Lane for a match that kicked off at 3pm on Saturday with half-and-half scarves nowhere to be seen. Altrincham's compact 6,000-capacity home may not be Old Trafford, but it does have a proud history of its own. It was certainly a grander stage than a windswept Saturday morning on an outfield at United's Carrington complex, where Paul McGuinness's Under 18s usually ply their trade. The young Reds coach wanted to make the experience closer to what his tyros could expect should they make the step up to the seniors. And his side lined up with three at the back and supporting wingbacks in a formation seen more than once this season in the first team. In an even first-half the impressive Marcus Wood, from just down the road in Sale, came closest for City with an audacious chip. United manager Paul McGuinness saw his side claim victory in the 'mini derby' For the home side towering centre-forward Marcus Rashford, another local lad from whom big things are expected, wasted two decent opportunities when put through. Just before the hour mark England Under 17 star Callum Gribbin made and scored the first. In March, the nifty-footed attacking midfielder went viral when United tweeted a clip of him showing outrageous skills to trick four Aston Villa players. He was at it again here, showing nifty footwork on the edge of the box and drawing a foul. After dusting himself down Gribbin stepped up to curl a delightful free-kick around the wall and beyond blonde Joe Hart-a-like Charlie Albinson in the City goal. Moments later it was almost two when full-back Cameron Borthwick-Jackson's rasping 25-yard drive struck the angle of the crossbar and post. The same man looked to have gotten away with one when he appeared to clip Buckley in the box before sub Aaron Nemane hit the side-netting as the visitors looked for an equaliser. Dutch winger Javairo Dilrosun curled a free kick onto the roof of the net in stoppage time for City but that was all she wrote. The result leaves United, who have won two of this year's cross-town clashes, two points behind leaders Middlesbrough with a game in hand. Injury-ravaged City however, have now lost both matches in the Barclays Under 18s Premier League end-of-season play-off series. FA chief Greg Dyke recently bemoaned the lack of first-team opportunities for homegrown talent between the ages of 18 and 21. On the evidence of this entertaining 90 minutes high on skill and commitment, there are talents on both sides that may well deserve their chance in the On the evidence of this entertaining 90 minutes high on skill and commitment, there are talents on both sides that may well deserve their chance in the coming years.","Man United beat Man City 1-0 in Saturday's under 18 encounter. Callum Gribbin scored the winning goal at Moss Lane, Altrincham. The result leaves United two points behind leaders Middlesbrough. The 'real' Manchester derby takes place at Old Trafford on Sunday.","Altrincham's 6,000-capacity home may not be Old Trafford, but it does have a proud history of its own . United lined up with three at the back and supporting wingbacks in a formation seen more than once this season in the first team . Just before the hour mark England Under 17 star Callum Gribbin made and scored the first . ",M23_dynamicmix,5.0,4.666666666666667,4.333333333333333,4.666666666666667,0.22074,0.05442,0.1941,0.2664129400570885,0.11078717201166181,0.07944389275074477,0.27838313579559326,0.8001280438458865,0.21916932900441893,0.3676638916020139,0.11356035956749033,0.022781768324002333,0.17958979558499322,0.34038925564001044,0.0748257328224734,81,747
summeval,cnn-test-d75b043ebefc3098aea84d92bb8bec0f509b1563,"(CNN)Eight Iranian border guards have been killed in clashes with militants near the border with Pakistan, Iranian state media reported. Three of the militants were killed by Iranian forces in the fighting Monday in the southeastern town of Negur, the state-run news agency IRNA reported. The news agency cited Ali Asghar Mirshekari, the deputy governor of Iran's Sistan-Baluchestan province, who said the militants crossed into the country from Pakistan. Iranian officials have reportedly asked Pakistani authorities to catch the surviving assailants. A militant group called Jaish al Adal claimed responsibility for the attack, according to Iranian state media and a Twitter account believed to be associated with the organization. According to Pakistani media, Jaish al Adal is an anti-Iranian group that has emerged during recent years in areas of Balochistan, the restive Pakistani province that borders southeastern Iran. The Sunni Muslim group has targeted Shiites and says it aims to thwart Iranian influence in Pakistan, according to the Pakistani newspaper Dawn. Jaish al Adal has also claimed responsibility for attacks on Iranian territory. One of the deadliest was in October 2013, when 14 Iranian border guards were killed near the city of Saravan. Iranian authorities say that after similar attacks, the militants have fled back into Balochistan. ""Iran has repeatedly criticized its eastern neighbor for failing to rein in the terrorists,"" IRNA said, referring to Pakistan. The Pakistani government condemned Monday's attack, calling it an ""act of terrorism."" ""The concerned security agencies of Pakistan are actively investigating this incident, which took place on Iran's territory, and have asked Iranian authorities to share with us any evidence that they have,"" the government said in a statement Wednesday. If the militants entered Pakistan after the attack, ""they will be apprehended and brought to justice,"" it said.",The Pakistani government says its security agencies are investigating. A group believed to be based in Pakistan's Balochistan province claims responsibility.,"-lrb- cnn -rrb- eight iranian border guards have been killed in clashes with militants near the border with pakistan , iranian state media reported . three of the militants were killed by iranian forces in the fighting monday in the southeastern town of negur , the state-run news agency irna reported . iranian officials have reportedly asked pakistani authorities to catch the surviving assailants .",M2,5.0,3.6666666666666665,5.0,4.333333333333333,0.32359,0.13147,0.2885,0.3274853801169591,0.19322709163346613,0.18329938900203663,0.4663039743900299,36.35738207738407,0.25696171730951706,0.47379559322882847,0.3213574903532582,0.06464464689349769,0.45212398075992755,0.5400542457970806,0.14690681143073284,82,333
summeval,dm-test-8b59fa7715418c4bcc0d50e3caeb239129de453e,"England ace Joe Hart labelled fellow goalkeeper Gianluigi Buffon a 'legend of the game' after seeing the Italian veteran claim his 147th cap. Hart, who passed an impressive milestone of his own by representing his country for the 50th time on Tuesday night, said after the 1-1 draw with Italy that Buffon was an inspiration. Speaking to FA TV, Hart said: 'I’m still learning my game and I’m still watching the likes of Buffon and the way he goes about his business at 37 years old. England and Manchester City goalkeeper Joe Hart has lavished praise on fellow goalkeeper Gianluigi Buffon Hart has labelled Buffon, who won his 147th cap against England on Tuesday night, a 'legend of the game' 'I’ve got a lot more learning to do and I want to do it in this team. '[Buffon’s caps total] is a long way off, but it’s definitely a night to celebrate a terrific goalkeeper and a legend of the game, someone I personally look up to and it’s inspirational to see.' The Manchester City shot stopper, who is 10 years younger than Buffon, revealed his delight at receiving his 50th cap at the Juventus Stadium. 'I was proud of my first cap, I was proud to represent the Under 21s, and 50 caps at my age is good,' added Hart. 'I want to keep going, that’s not the end for me. I just want to keep going, keep playing well for my club and country and rack them up.' England ace Hart, pictured saving a shot by Citadin Eder, is desperate to add to his 50 international caps",Joe Hart has revealed he is inspired by the likes of Gianluigi Buffon. Italy's record cap holder Buffon played his 147th game for the Azzurri. Man City shot stopper Hart recorded his 50th appearance for England.,"england ace joe hart labelled fellow goalkeeper gianluigi buffon a ` legend of the game ' after seeing the italian veteran claim his 147th cap . england and manchester city goalkeeper joe hart has lavished praise on fellow goalkeeper gianluigi buffon . ' the manchester city shot stopper , who is 10 years younger than buffon , revealed his delight at receiving his 50th cap at the juventus stadium .",M2,5.0,4.0,4.666666666666667,3.3333333333333335,0.41183,0.20448,0.3756,0.41372735938989513,0.25511197663096397,0.2885572139303482,0.5777139663696289,27.265484149825667,0.33713016569112453,0.44844947853612144,0.3085868149506229,0.029063408459438306,0.6803395790198378,0.7359458476502451,0.13085871531790624,83,758
summeval,dm-test-5be0a9584b051175d9f4842a143b76385335d96a,"Manchester City players will lose £500,000-a-man in bonuses if they fail to qualify for the Champions League this season. The Premier League title holders give star players like Sergio Aguero, David Silva, Joe Hart and Yaya Toure incentivised contracts to make sure the club stay within financial fairplay requirements and they will miss out on a big payday if City fail to reach the group stages of Europe's top competition. Manuel Pellegrini's lost to rivals Manchester United in the 169th Manchester derby at Old Trafford on Sunday with their European hopes still in the balance. Manchester City stars such as Sergi Aguero could miss out on £500k bonuses if they finish fifth Manuel Pellegrini's team are on incentivised contracts to stay within financial fairplay rules City are in fourth place and will be just four points ahead of main rivals Liverpool after defeat in the Manchester derby and if Brendan Rodgers' side beat Newcastle United on Monday. The top three finishers in the Premier League qualify automatically for the Champions League with the fourth-place team required to win a qualifying round to join them. In total, the City squad have around £12million resting on reaching their European target. Pellegrini has admitted City have let their season disintegrate after starting 2015 joint-top with Chelsea. They have subsequently lost seven times including early exits in the FA Cup and Champions League. Yaya Toure is another player who could miss out on a big payday if City fail to finish in the top four Joe Hart and James Milner look dejected at the end of City's defeat to Crystal Palace last week April 19 West Ham United (H) April 25 Aston Villa (H) May 3 Tottenham Hotspur (A) May 10 Queens Park Rangers (H) May 17 Swansea City (A) May 24 Southampton (H) 'In the last three months, we have thrown it into the garbage,' admitted the City manager. 'We are doing some things very badly, that’s why we must improve.' They now face a battle to sign world-class players like Juventus midfielder Paul Pogba who also interests United. Old Trafford boss Louis van Gaal saw his side go four points clear of City after the victory and is confident of adding top-class talent in the next transfer window. 'I don't have any doubt that players are coming to Manchester United,' he said.",City's players are on incentivised contracts because of financial fairplay. They will lose £500k each if they miss out on Champions League. Manuel Pellegrini's team are currently fourth in Premier League. But they are only four points ahead of fifth-placed Southampton.,"manchester city players will lose £500,000-a-man in bonuses if they fail to qualify for the champions league this season . premier league title holders give star players like sergio aguero , david silva , joe hart and yaya toure incentivised contracts to make sure the club stay within financial fairplay requirements . manuel pellegrini 's team are on incentivised contracts to stay within financial fairplay rules .",M8,5.0,4.0,5.0,1.6666666666666667,0.35749,0.12787,0.30435,0.36510500807754437,0.19572368421052633,0.15912897822445563,0.4669393002986908,34.170550359380265,0.2504286753471405,0.4602834838039233,0.2554145877735944,0.15379326681529426,0.3813059062346337,0.48843989759405104,0.1740817368427635,84,727
summeval,dm-test-130ff8f2dfb6ab67861d5924b0ff5acd63c7d8ce,"Relegation-threatened Romanian club Ceahlaul Piatra Neamt have sacked Brazilian coach Ze Maria for the second time in a week. Former Brazil defender Ze Maria was fired on Wednesday after a poor run, only to be reinstated the next day after flamboyant owner Angelo Massone decided to 'give the coaching staff another chance.' But the 41-year-old former Inter Milan and Parma right back, capped 25 times by Brazil, angered Massone again after Ceahlaul were beaten 2-0 by mid-table FC Botosani on Saturday. Ze Maria represented Brazil on 25 occasions during an international career spanning five years The result left Ceahlaul 16th in the standings, six points adrift of safety. Ze Maria replaced Florin Marin in January to become Ceahlaul's third coach this season. He will be replaced by Serbian Vanya Radinovic.",Romanian club Ceahlaul Piatra Neamt sacked Ze Maria on Wednesday. But the former Brazil international was  reinstated the next day. He was then sacked again following a defeat on Saturday.,ceahlaul maria represented brazil on 25 occasions during an international career spanning five years . ze maria replaced florin marin in january to become ceahlaul 's third coach this season . ze maria replaced florin marin in january to become ceahlaul 's third coach this season .,M15,5.0,1.6666666666666667,5.0,1.6666666666666667,0.24819,0.08169,0.22169,0.25301204819277107,0.11386138613861387,0.10178117048346055,0.48979899287223816,25.919327356709257,0.29600286403640336,0.39868876922240853,0.28595279609968893,0.13183093795067238,0.2628086331883055,0.4177430874883634,0.18200514352250463,85,429
summeval,dm-test-2abe0f81f5b22c8a406165717e3bd7fce6fe47c6,"A southern Iowa chiropractor accused of accepting sex as payment for his services and performing exorcisms on patients has surrendered his state license. The Iowa Board of Chiropractic released a report Wednesday detailing charges against Charles Manuel, of Lamoni. Manuel signed an agreement last month admitting his misdeeds and pledging not to apply for reinstatement for at least 10 years. Patient satisfaction: A chiropractor in Iowa has surrendered his license to practice and admitted to swapping services for sex and performing exorcisms on some patients. Nonetheless, he's received outstanding evaluations for patient satisfaction on HealthGrades.com The agreement requires that Manuel prove any circumstances surrounding the revocation of his license no longer exist before he can resume practicing chiropractic in the state. Those circumstances included bartering sex for services with some patients. Manuel also recommended that patients stop taking medication he prescribed to them. A woman who answered a call to Manuel's home from the Des Moines Register declined to comment on the case. A woman at his former practice said he hadn't worked there for some time. A Lamoni address listed on the Yelp page for Manuel's practice appears to be a home on a residential street. While Maneul has received just three patient survey responses on HealthGrades.com, those responses were quite positive. The disgraced chiropractor received a perfect five out of five stars in patient satisfaction. Strange practice: Charles Manuel, who admitted wrongdoing to the Iowa Board of Chiropractic, listed his practice's addresses on this residential street in the small agricultural town of Lamoni in southern Iowa","Charles Manuel of Lamoni, Iowa admitted to a review board that he traded sexual favors for his services. Manuel also fessed up to performing exorcisms and to telling patients to stop taking medications prescribed to them by a medical doctor. The Iowa Board of Chiropractic required Manuel to pledge he would not apply for reinstatement of the license, but only for 10 years.",Charles Manuel signed an agreement last month admitting his misdeeds and pledging not to apply for reinstatement for at least 10 years . The agreement requires that Manuel prove any circumstances surrounding the revocation of his license no longer exist before he can resume practicing chiropractic in the state .,M22,5.0,4.333333333333333,5.0,5.0,0.31046,0.08216,0.27667,0.3086680761099365,0.12554112554112554,0.05986696230598669,0.4586350619792938,27.704148351934794,0.22379286577517118,0.4605924564025311,0.2217223444814005,0.23505816633271007,0.22656420167016844,0.3858827909627581,0.14640812873558093,86,1372
summeval,dm-test-7cba80e83b222801fed8d6f96e8c0aa381c54b28,"He may not be playing much at Manchester United but Anders Lindegaard certainly has a lot to smile about off the pitch as he enjoyed a spot of sunshine with stunning wife Misse Beqiri. Lindegaard tied the knot with the Swedish model last year in a romantic beach wedding in Mauritius. And the United goalkeeper, who has struggled for minutes throughout his career in Manchester, was keen to remind fans via his Instagram page of his marriage to stunning Beqiri. Manchester United goalkeeper Anders Lindegaard made the most of the English weather with Misse Beqiri Lindegaard tied the knot with the stunning model last year and the couple have a son together Danish international Lindegaard posted a link to Beqiri's Instagram account with the message: 'Day off with my sunshine @missebeqiri #cheshire #manchester' The Swedish beauty, who has Albanian roots, likes to flaunt her good looks on Instagram and regularly posts pictures while she's modelling at work. Lindegaard and Beqiri, who have a son together, have been dating since 2012. The 31-year-old moved to the Premier League in 2010 after signing from Norwegian side Aalesunds but has failed to make an impact. Beqiri, who is Swedish but has Albanian roots, regularly posts modelling photos on her Instagram page With over 17,000 followers on Instagram, Beqiri made sure she showed her new haircut to her legion of fans Lindegaard and Beqiri have been dating since 2012 and they married in a romantic Mauritius beach wedding In five seasons, he has made just 19 league appearances and has been restricted to cup matches during his time in Manchester. With David de Gea in exceptional form under Louis van Gaal and Victor Valdes signing for the Red Devils in January, Lindegaard is now third-choice at Old Trafford. Lindergaard, who has been told he can leave United, was linked with a move to FC Midtjylland in January but the two clubs could not agree on a price. But despite his failure on the pitch, he's definitely winning away from it. The Denmark international (right) has struggled for regular football at Old Trafford since arriving in 2010",Anders Lindegaard posted Instagram photo with model wife Misse Beqiri. The Man Utd goalkeeper tied the knot with Beqiri last year. Lindegaard is third-choice keeper at Old Trafford under Louis van Gaal.,lindegaard tied the knot with the swedish model last year in a romantic beach wedding in mauritius . lindegaard tied the knot with the stunning model last year and the couple have a son together . manchester united goalkeeper anders lindegaard made the most of the english weather with misse beqiri .,M1,5.0,3.0,5.0,2.0,0.30989,0.1224,0.29083,0.30989272943980933,0.14687882496940025,0.09811320754716982,0.4725821614265442,33.50704079514751,0.27788871172952145,0.4478702976258627,0.19989006003973475,0.04894350774156936,0.4047316734042583,0.5207897663747034,0.11297023271005671,87,546
summeval,dm-test-c6667409fcdea2c89ba9f0d3a72c50e3967b4b1b,"Everton manager Roberto Martinez was forced to defend another penalty fiasco at the club after Ross Barkley missed from the spot in their 1-0 win against Burnley at Goodison Park. The untried Barkley inexplicably took the 10th minute kick – awarded for a foul by David Jones on Aaron Lennon – rather than Leighton Baines, who has scored 15 penalties from 16 attempts in the Premier League. Although there was no dispute between the team-mates this time, it brought back memories of Everton's match against West Brom in January when Kevin Mirallas grabbed the ball from Baines to take a penalty - and missed. Ross Barkley steps up to take a 10th minute penalty despite the presence of Leighton Baines on the pitch Barkley's effort is saved by Burnley goalkeeper Tom Heaton at Goodison Park Martinez insisted Barkley was within his rights to request penalty-taking duties on Saturday. 'If Romelu Lukaku had been on the pitch, he would have taken it. Otherwise, I am happy to have three or four players who can take penalties and let it depend on how they feel at that moment,' argued the Everton manager. Baines (left) has scored 15 penalties from 16 attempts in the Premier League 'Ross showed incredible responsibility to take it. I love seeing players take control of the big moments and Leighton was happy to given him that responsibility.' Barkley's penalty was well-struck but wasn't put in the corner and Burnley goalkeeper Tom Heaton dived to his right to save. Fortunately for the young England player, it didn't prove costly as Mirallas went on to score the only goal of the game after 29 minutes. Everton boss Roberto Martinez issues instructions to his players during a break in play against Burnley",Everton defeated Burnley 1-0 at Goodison Park on Saturday. Kevin Mirallas scored the only goal of the game in the 29th minute. Ross Barkley had earlier missed a 10th-minute penalty. Leighton Baines has scored 15 penalties from 16 attempts this season.,everton defeated burnley 1-0 in their premier league clash on saturday . ross barkley missed from the spot in the 10th minute at goodison park . the toffees boss roberto martinez was forced to defend his player . leighton baines has scored 15 penalties from 16 attempts in the league .,M23,5.0,4.0,5.0,4.0,0.32929,0.09917,0.30505,0.3356926188068756,0.1427094105480869,0.12486772486772486,0.6409019231796265,45.6165111952215,0.3114443150769278,0.4961448169268812,0.5786357202642554,0.4108511240084209,0.28333444969403343,0.42534627925637547,0.11048957246237502,88,1437
summeval,dm-test-051db270afc32571a08c15124330efe89d80fea8,"An FBI agent's sniper rifle (similar to the one pictured) was ripped out of his car's window and stolen from a Salt Lake City hotel parking lot An FBI agent's sniper rifle was  ripped out of his car's window and stolen from a Salt Lake City hotel parking lot just days before President Obama visited Utah earlier this month. The gun was inside a hard rifle case and was 'secured properly' to a truck safe with padlocks and chains while the car was parked at the Marriott Springhill Suites, according to police. Police believe the thief stole the rifle by breaking the rear right passenger-side window, tying a rope around the rifle case's handle or a cable lock, and using the momentum from another vehicle to then break the case's handle free from the lock. The window frame of the agent's car was pulled from the door, which police believe could indicate the large case was ripped through the shattered window. 'The rifle had been secured properly,' Salt Lake City Police Detective Dennis McGowan told Fox 13 Salt Lake City. 'There are all kinds of ways the weapon was secure. Yet someone was able to forcefully take the weapon.' The FBI agent also reported that his gear bag, backpack, and some clothing and tools were also stolen during the March 27 theft, which the police report states happened overnight. The theft happened just a week before Obama (pictured during his visit) made a scheduled trip to Utah earlier this month Officers found two skid marks and pieces of rope lying on the pavement near the car, as well as the broken-off handle of the rifle case. The agent's bags and some of his clothing were found at a Residence Inn across the street, but the sniper rifle has not been recovered. Marriott Springhill Suites, the agent's hotel, is next to the city's airport and just down the street from the state's FBI office. The hotel does not have surveillance cameras, according to the police report. Salt Lake City police said the rifle's serial number has been entered into the National Crime Information Computer. The Secret Service told Fox 13 Salt Lake City the agency was notified about the stolen rifle before President Obama's visit, but could not comment if the theft prompted an increase of security. Det. McGowan said police do not know if the thief specifically targeted the agent's car. The sniper rifle was stolen sometime overnight from the parking lot of Marriott Springhill Suites, where the agent was staying. The hotel is just across the street from the state's FBI office","Rifle was stolen overnight while agent's car was parked at a Salt Lake City hotel across the street from the state's FBI office. Gun was 'secured properly' in a case and truck safe with padlocks and chains. Police believe thief tied a rope around the case and used another car to break the handle off by ripping the case through the car's window. Agent's stolen backpack and gear bags were recovered at a nearby hotel, but the gun has not been found.","fbi agent 's sniper rifle was ripped out of his car 's window and stolen from a salt lake city hotel parking lot just days before president obama visited utah earlier this month . the gun was inside a hard rifle case and was ` secured properly ' to a truck safe with padlocks and chains while the car was parked at the marriott springhill suites . police believe the thief stole the rifle by breaking the rear right passenger-side window , tying a rope around the rifle case 's handle or a cable lock .",M12,5.0,4.666666666666667,4.666666666666667,4.0,0.42141,0.17787,0.34916,0.42541806020066886,0.24304141208418195,0.22053756030323915,0.5592769384384155,32.472800510407794,0.28581812587409977,0.49302088464715593,0.34362398322660614,0.13504631531244532,0.6738589617160218,0.7080650983526859,0.20501405472622514,89,1399
summeval,dm-test-26e4e19d945cedcb489f28808c730658139c9415,"MLS side Orlando City are the latest club to have expressed interest in Manchester United misfit Javier Hernandez. The Mexico international would be a huge commercial draw for the Florida-based franchise who are coached by former Everton and Manchester City striker Adrian Heath. Orlando have a huge Latin-American fanbase and made enquiries last week about the prospect of a deal. Javier Hernandez is linked with a move to Orlando City after enduring a tough time on loan at Real Madrid Orlando have a big Latin-American fanbase and Kaka is the captain of the MLS side Hernandez would be a popular arrival with Orlando supporters but eight European sides are also interested Hernandez has cut a frustrated figure during his loan spell at Real Madrid this season but still has plenty of interest from other Premier League and European sides. Southampton, Stoke, West Ham and Everton are all interested with United willing to sell for around £8million. Wolfsburg, AC Milan, Lazio and Inter Milan are also keen on the 26-year-old who has one year left on contract. United, meanwhile, have made a revised contract offer to teenage prospect Andreas Pereira. Manchester United have made a revised contract offer to 19-year-old Andreas Pereira (right) Periera (left) has a host of clubs across Europe interested in signing him if he does not agree terms at United Paris St Germain, Juventus, PSV Eindhoven and Feyenoord have all made contact with the midfielder's father Marcos after the 19-year-old rejected United's opening offer. Pereira was on the bench against Aston Villa on Saturday.",MLS team Orlando City the latest team to be linked with Javier Hernandez. The Manchester United striker has not impressed on loan at Real Madrid. United have made Andreas Pereira an improved contract offer.,orlando city are the latest club to have expressed interest in manchester united misfit javier hernandez . the mexico international would be a huge commercial draw for the florida-based franchise who are coached by former everton and manchester city striker adrian heath . orlando have a huge latin-american fanbase and made enquiries last week about the prospect of a deal .,M13,5.0,4.0,5.0,3.3333333333333335,0.28271,0.0752,0.2511,0.28270412642669007,0.1521933751119069,0.12420091324200916,0.4176701307296753,12.15067456284296,0.2246511082872608,0.3797152847474515,0.2441314668354504,0.1590777493689955,0.2595574860819191,0.39484694717160307,0.16934866565625958,90,1327
summeval,dm-test-2c37d44d03ce2e91310339d884d33ee5aabf9abc,"A two-year-old boy is recovering after falling into a cheetah exhibit at the Cleveland Metroparks Zoo after his parents dangled him over the edge, officials said. The toddler's mother was holding him and another child when he slipped and fell between 10 to 12ft and into the pit on Saturday around 3pm. The child was rescued by his parents before firefighters and paramedics arrived on the scene. Scroll down for video A mother was holding the two-year-old boy and another child when the toddler slipped and fell into the cheetah exhibit at the Cleveland Metroparks Zoo (file photo of cheetahs at the Cleveland zoo) The boy was rescued by his parents from the pit (pictured) before firefighters and paramedics arrived on the scene. He suffered from minor bumps and bruises and was listed in stable condition at the hospital He is listed in stable condition after being taken to MetroHealth Medical Center and suffered from minor bruises and bumps. The boy's leg was injured in the fall, but he was not attacked by the animals, Dr. Christopher Kuhar, the zoo's executive director told Fox 8. Michael Lurie and his family were at the Cheetah exhibit when they heard the child scream. 'You saw how far the drop was and you just couldn't believe the kid didn't hurt himself from falling down on the ground,' Lurie told WKYC. 'I was just shocked,' he said. 'I didn't understand how the parents let the kid go over the thing.' The cheetahs did not approach the boy or his parents while in the pit, according to zoo officials. Zoo visitor Terra Lurie believes the boy was not approached by the fast feline because they were frightened. 'I think they were just curious as to what was going on and why somebody was in the pen with them,' she said. 'It's not every day that somebody is just in the pen with them.' 'And everyone else is screaming and they probably got scared.' Kuhar said the zoo had received 'a number of eyewitness accounts' that indicate the 'strong likelihood that the child was dangled over the railing,' he told NewsNet5. Cleveland Metroparks Zoo has plans to press child endangerment charges against the family on Monday. The exhibit was closed following the child's fall. Zoo visitor Michael Lurie was at the cheetah exhibit when he heard the child scream. He said he was 'shocked' and 'didn't understand how the parents let the kid' go over the railing and into the pit Cleveland Metroparks Zoo plans to press child endangering charges against the child's mother (above file photo of visitors at the Cleveland zoo)",The child was held by his mother when he slipped and fell between 10 and 12ft into the pit on Saturday around 3pm at the Cleveland Metroparks Zoo. He was rescued by his parents before emergency responders arrived on the scene; he suffered from minor bruises and bumps. The cheetahs seemed to ignore the boy and his parents while in the pit. Zoo plans to press child endangerment charges.,"visitors at cleveland metroparks zoo in ohio heard a scream as the toddler tumbled into the pit at 3pm on saturday . his parents jumped in and pulled him to safety before paramedics arrived to treat the boy for a leg injury . though the felines appeared to avoid the child , dr christopher kuhar , executive director at the zoo , said there is a strong chance charges will be pressed on monday .",M2,5.0,4.0,5.0,3.0,0.34822,0.0832,0.2753,0.34684684684684686,0.18625954198473282,0.17391304347826086,0.47881951928138733,16.936190323803523,0.22927683507589589,0.388694093546128,0.27951139222521937,0.18584836373639166,0.3165155448133534,0.41839413316452057,0.11910478955981961,91,146
summeval,dm-test-02c955067d00f38b6978b805d5a8701a787f78ac,"Ten people, including four children, have been involved in a multi-vehicle crash in Brisbane's west. Three vehicles collided on the Brisbane Valley Highway, 2km south of Fernvale, on Wednesday afternoon. A 40-year-old man with chest and shoulder injuries and a five-year-old boy with chest pain were the first patients flown out by rescue helicopter. They've been taken to the Princess Alexandra Hospital in Brisbane. Shortly after, a 27-year-old woman with arm injuries and a six-year-old girl suffering from abdominal pain were also being flown out. The three car pileup happened at on the Brisbane Valley Highway, near Fernvale Six others - including an infant and two young girls - have been taken to Ipswich Hospital with minor injuries or for further assessment. A man has also suffered hand lacerations and two females escaped injuries. The affected stretch of the highway has been closed off, with diversions in place south of Fernvale. The Courier-Mail reports that earlier emergency crews found one person trapped inside their vehicle and Queensland Fire and Rescue crews used hydraulic cutting gear to free them. The Rescue 500 helicopter then landed at the scene and airlifted a number of patients to hospital. Police said the highway would be closed for a few hours with diversions in place south of Fernvale.","Three vehicles collided on the Brisbane Valley Highway, near Fernvale. A 40-year-old man with chest and shoulder injuries was airlifted to hospital. Also flown out was a six-year-old girl suffering from abdominal pain. Six others - including an infant and two young girls - had minor injuries. One person involved in the crash was found trapped inside their vehicle.","ten people , including four children , have been involved in a multi-vehicle crash in brisbane 's west . three vehicles collided on the brisbane valley highway , 2km south of fernvale , on wednesday afternoon . a 40 - year - old man with chest and shoulder injuries and a five - year - old boy with chest pain were the first patients flown out by rescue helicopter . they 've been taken to the princess alexandra hospital in brisbane .",M5,5.0,4.0,5.0,4.0,0.36257,0.12936,0.32247,0.3760539629005059,0.16666666666666663,0.1295971978984238,0.5764343738555908,38.80982986798884,0.2632388939331719,0.4903789613557302,0.3916579228539443,0.1331519969817112,0.4846806353372196,0.5643288210136971,0.11910530070322084,92,1247
summeval,dm-test-9b5a04b9879fe716a2dcd66dd331f99534603c16,"Outspoken MP Bob Katter has risked being drawn into a race row after accusing the Queensland Government of believing embattled MP Billy Gordon was 'a little black puppet on a string'. In a bizarre statement on his party's website, Mr Katter said the Government believes Mr Gordon would quit after he was recently accused of domestic violence - and later admitted to his criminal past. Mr Katter, federal MP for Kennedy, is of Lebanese descent. He said he's been personally subjected to racist attitudes from both major parties in the past, and that he sympathised with Mr Gordon's position. Federal MP Bob Katter, who released a statement today accusing the Queensland Government of assuming Billy Gordon would quit after he was recently accused of domestic violence Mr Gordon was forced to quit the Queensland Labor Party last week in the wake of being accused of domestic violence and withholding his criminal history from Premier Annastacia Palaszczuk . He announced on Wednesday he will remain in the Queensland parliament as an independent, throwing the Government, which holds a razor-thin majority, into chaos. 'In the last two cases where this occurred in the federal parliament, there was never any question raised about the member resigning. So why was it assumed here that Billy Gordon would resign?' Mr Katter's statement reads. 'I can't help but think that the Queensland Government thought they had a little black puppet on a string. Mr Gordon, who  was forced to quit the Queensland Labor Party last week in the wake of being accused of domestic violence and withholding his criminal history The statement has sparked criticism on social media, with users questioning his terminology. 'Irrespective of his weird use of the term 'black puppet' it's kinda odd how Bob Katter is speaking on Billy Gordon's behalf' wrote Benjamin James. Not that John wrote: 'Wow, Bob Katter calls Billy Gordon, 'black puppet on a string' and the lefty loons stay silent. What if Abbott had said it?' The statement has sparked criticism on social media, with some users questioning his terminology Mr Katter has since defended the statement, saying he used the term black puppet in light of his personal experiences Mr Katter has since defended the statement, saying he used the term black puppet 'because I'm dark and I come from Cloncurry.' 'I can understand and I can identify with the attitudes that these people have and I'm going to call it for what it is,' he said. 'I deliberately put that comment in with a forethought, because I think they deserve a belting for the racial overtones.' Mr Katter used federal MPs Tony Windsor and Rob Oakeshott as examples of independents becoming puppets for the government and sacrificing their independence, but he vowed Mr Gordon would not make that mistake.",Mr Gordon was forced to quit Labor after being accused of domestic violence. Mr Katter accused the Queensland Government of assuming Mr Gordon would quit from the allegations. Mr Katter said he had been personally subjected to racist attitudes from both major parties in the past.,Bob Katter said he was 'black puppet on a string' and the lefty loons stayed silent. What if Abbott had said it? Mr Katter's statement is a bizarre response to a bizarre situation.,M20,2.6666666666666665,3.3333333333333335,5.0,3.3333333333333335,0.23948,0.03252,0.20789,0.24210526315789474,0.0975609756097561,0.06424581005586592,0.23647315800189972,7.200373894120361,0.13157319922574376,0.2803258070739736,0.1054442673785414,0.08885366718164632,0.09464078995142966,0.29568567039447236,0.0722644617347431,93,1300
summeval,cnn-test-e2bccd4dec93c9bb7b327827dae004c2d494ec31,"(CNN)The classic video game ""Space Invaders"" was developed in Japan back in the late 1970's -- and now their real-life counterparts are the topic of an earnest political discussion in Japan's corridors of power. Luckily, Japanese can sleep soundly in their beds tonight as the government's top military official earnestly revealed that the country's Air Self Defense Force (ASDF) had never encountered an extraterrestrial unidentified flying object. Responding to a query from flamboyant former wrestler-turned-lawmaker Antonio Inoki, Defense Minister Gen Nakatani told the Diet, Japan's parliament, that his jets had, to date, never come across any UFOs from outer space. ""When the Air Self Defense Force detects indications of an unidentified flying object that could violate our country's airspace, it scrambles fighter jets if necessary and makes visual observation,"" Nakatani said. He continued: ""They sometimes find birds or flying objects other than aircraft but I don't know of a case of finding an unidentified flying object believed to have come over from anywhere other than Earth."" Inoki has appeared in the U.S.-based WWE -- which describes him as ""among the most respected men in sports-entertainment"" -- and is the founder of the New Japan Pro Wrestling organization. He entered Japan's Upper House for a second stint in politics in 2013. He also famously fought Muhammad Ali in 1976, in one of the first-ever mixed-discipline matches, which would later pave the way for today's wildly popular Mixed Martial Arts contests. Before his return to politics he was a regular fixture on Japanese TV variety shows and has promoted a slew of products, from hot sauce to banks. The maverick politician also traveled to Iraq in 1990 to try to secure the release of Japanese hostages, and has more recently attempted to replicate former NBA star Dennis Rodman's ""basketball diplomacy"" by staging a wrestling tournament in North Korea. He reportedly converted to Islam in the 1990s, although he says he practices both Islam and Buddhism. The lawmaker, who is universally known in Japan for his colossal chin and once-ever-present red scarf -- these days often replaced with a red necktie -- as much as for his political achievements, had asked a Upper House Budget Committee meeting if aircraft were ever scrambled to meet extraterrestrial threats, and if research was being done into alien visitors, prompting Nakatani's response. Inoki also claims to have seen a UFO with his own eyes, but admitted that he didn't know personally if aliens existed. The exchange wasn't the first time Japanese politicians have discussed the implications of visitors from another planet. In 2007 then-Defense Minister Shigeru Ishiba pondered the legal ramifications, under Japan's pacifist constitution, of a defense against an invasion from outer space. READ MORE: Japan unveils Izumo, its largest warship since World War II",Japan's top military official earnestly revealed that the country's Self Defense Force (SDF) had never encountered a UFO. Celebrity politician and former wrestler Antonio Inoki had posed a question concerning extraterrestrials to a government committee.,"-lrb- cnn -rrb- the classic video game `` space invaders '' was developed in japan back in the late 1970 's -- and now their real-life counterparts are the topic of an earnest political discussion in japan 's corridors of power . he entered japan 's upper house for a second stint in politics in 2013 . he reportedly converted to islam in the 1990s , although he says he practices both islam and buddhism .",M2,5.0,2.0,4.0,1.6666666666666667,0.20936,0.0503,0.17192,0.21367521367521367,0.0905923344947735,0.0763765541740675,0.2509686350822449,2.521531194639035,0.1637131464631915,0.3069223083155124,0.014715874910563809,0.005618769134150631,0.15269648570235894,0.33383905504193734,0.08857250964260012,94,350
summeval,dm-test-e06ff0eb7c4fa4416fda84a9a239b15480c5a9d9,"A lonely man has taken his search for love - or lust - online, posting an advertisement complete with his desires, or 'requirements'. The outback Casanova, who lives in Humpty Doo, Northern Territory, detailed his dream girl on Gumtree. 'WANTED!!!!! girlfriend/wife, must love pets... Accomodation available, position MAY offer company car, phone and laptop, to the 'successful candidate',' it reads. Scroll down for video 'Rich' who lives in Humpty Doo, Northern Territory, detailed his dream girl on Gumtree 'Prefer NON drinker and smoker (i know i'm dreamin), fit attractive, will get free gym membership, to a gym of there choice, phone of there choice, must be reliable, honest, and loyal, good around th house, be good with their hands, good cook, great in bed.' The advertisement outlined how the successful applicant must enjoy the outdoors, but is also 'also a princess when need to be'. For his part, the 31-year-old only identified as Rich, described himself as: 'athletic build, white, heavily tattoo'd brown hair, brown eyes, don't drink, don't smoke, DON'T do drugs, like travelling, love the outdoors, sports, fishing, camping blah blah blah.' The post continues: '175cm tall, WELL Endowed, own my own property(s) make great money, succesful, love cars, bikes, very independant.' The 31-year-old's advertisement included a list of requirements in his potential partner, and personal details about himself The advertisement outlined how the successful applicant must enjoy the outdoors, but is also 'also a princess when need to be' Rich also said he is 'not shy of blowin cash on my woman', and his potential partner would 'receive lots of benefits'. And, there's no reason to be shy ladies, 'Rich' promised 'all reasonable offers will be considered'. The hopeless romantic also stated former partners need not apply. Daily Mail Australia unsuccessfully attempted to contact the man behind the commercial.","Man posted advertisement seeking 'girlfriend/wife' on Gumtree. Rich, 31, says potential partner would be showered with gifts and benefits. Post says the lucky girl would a gym membership, phone, laptop and car. 'Previous applicants need NOT apply (NO exs)' the advertisement says.","lonely man has taken his search for love - or lust - online , posting an advertisement complete with his desires , or ` requirements ' . the outback casanova , who lives in humpty doo , northern territory , detailed his dream girl on gumtree .",M12,5.0,4.0,5.0,5.0,0.29156,0.11579,0.26087,0.30256410256410254,0.13192612137203164,0.10869565217391305,0.5020079612731934,36.367315058587586,0.2817021871783118,0.4133097787457417,0.305485770749069,0.5223386000277168,0.23735067284030076,0.41044958132069387,0.13217080931369132,95,1093
summeval,dm-test-2a48112ddee712f2364f128076cb2db555a043b1,"Esteban Cambiasso has won all the major European competitions a player can during his illustrious career but revealed that keeping Leicester City in the Premier League would be up there with the best. The Foxes are currently seven points adrift at the bottom of the table, with only eight games remaining, knowing that time is running out to save themselves. Cambiasso refuses to give up and admits that keeping Leicester up will feel like winning a trophy. Esteban Cambiasso says that helping keep Leicester in the Premier League will feel like winning a trophy 'For me, it's like another cup,' he told BBC East Midlands Today. 'When you start another season you have an objective, and this is the objective for us. 'For me, winning a cup or winning the league with another team is the same now as having the possibility to save Leicester in the Premier League.' The Argentinian midfielder poses with the trophy after his team won the 2010 FIFA Club World Cup Cambiasso had an illustrious career at Inter Milan, winning an impressive 15 trophies during his stint River Plate (2001-2002) Argentine Primera Division Real Madrid (2002-2004) La Liga Super Cup Supercopa de Espana Inter Milan (2004-2014) Champions League Serie A (5) Coppa Italia (4) Supercoppa (4) FIFA Club World Cup Having not won a game since January, Nigel Pearson's men face West Ham United on Saturday and Cambiasso is still convinced they can avoid the drop. 'I understood when I signed for Leicester it's not an easy job to stay in the Premier League,' he said. 'It's a difficult situation but I think we have our chances to win matches. There's a quarter of the Premier League left to finish. 'I think some people think for Leicester all is finished. But I'm sure, because I watch my team-mates every day, we can save Leicester and stay in the Premier League.' The former Inter Milan star signed for the Foxes in the summer, leaving Italy after ten years and embarking on a new challenge in England. After agreeing to a one-year-deal, Cambiasso has quickly established himself as a key player but it remains to be seen if he'll still be in the East Midlands at the start of next season. The former Real Madrid man was also successful during his short spell in Spain for Real Madrid Cambiasso played during Real's 'Galatico' era, with Luis Figo, Zinedine Zidane, Ronaldo and David Beckham 'Leicester always wanted me,' he added. 'After these nine months or eight months, I'm very happy because my family is OK, and I'm good. 'I want a few more points, but all the rest is perfect.' Cambiasso is happy in the East Midlands and could stay beyond his current one-year-deal",Esteban Cambiasso says saving Leicester will feel like winning a trophy. The Argentinian has become a key player for Nigel Pearson's side. Leicester are currently seven points adrift at the bottom of the table.,leicester city are seven points adrift at the bottom of the premier league . esteban cambiasso signed for the foxes in the summer . the former inter milan star has won all the major european competitions .,M10,5.0,2.3333333333333335,5.0,1.6666666666666667,0.3241,0.14,0.28809,0.332409972299169,0.17714285714285719,0.15929203539823011,0.4654719829559326,49.93229503767549,0.2079472532099502,0.39426390126125976,0.26597524134671036,0.5372501193406618,0.28829023441385215,0.44136349332160973,0.11051251939484771,96,1493
summeval,cnn-test-d75b043ebefc3098aea84d92bb8bec0f509b1563,"(CNN)Eight Iranian border guards have been killed in clashes with militants near the border with Pakistan, Iranian state media reported. Three of the militants were killed by Iranian forces in the fighting Monday in the southeastern town of Negur, the state-run news agency IRNA reported. The news agency cited Ali Asghar Mirshekari, the deputy governor of Iran's Sistan-Baluchestan province, who said the militants crossed into the country from Pakistan. Iranian officials have reportedly asked Pakistani authorities to catch the surviving assailants. A militant group called Jaish al Adal claimed responsibility for the attack, according to Iranian state media and a Twitter account believed to be associated with the organization. According to Pakistani media, Jaish al Adal is an anti-Iranian group that has emerged during recent years in areas of Balochistan, the restive Pakistani province that borders southeastern Iran. The Sunni Muslim group has targeted Shiites and says it aims to thwart Iranian influence in Pakistan, according to the Pakistani newspaper Dawn. Jaish al Adal has also claimed responsibility for attacks on Iranian territory. One of the deadliest was in October 2013, when 14 Iranian border guards were killed near the city of Saravan. Iranian authorities say that after similar attacks, the militants have fled back into Balochistan. ""Iran has repeatedly criticized its eastern neighbor for failing to rein in the terrorists,"" IRNA said, referring to Pakistan. The Pakistani government condemned Monday's attack, calling it an ""act of terrorism."" ""The concerned security agencies of Pakistan are actively investigating this incident, which took place on Iran's territory, and have asked Iranian authorities to share with us any evidence that they have,"" the government said in a statement Wednesday. If the militants entered Pakistan after the attack, ""they will be apprehended and brought to justice,"" it said.",The Pakistani government says its security agencies are investigating. A group believed to be based in Pakistan's Balochistan province claims responsibility.,"-lrb- cnn -rrb- eight iranian border guards have been killed in clashes with militants near the border with pakistan , iranian state media reported . three of the militants were killed by iranian forces in the fighting monday in the southeastern town of negur , the state-run news agency irna reported . the news agency cited ali asghar mirshekari , the deputy governor of iran 's sistan-baluchestan province , who said the militants crossed into the country from pakistan .",M0,5.0,3.3333333333333335,5.0,4.333333333333333,0.28305,0.11399,0.24915,0.30169491525423725,0.17962003454231434,0.1654929577464789,0.43686380982398987,30.647616261511494,0.25238678139826987,0.45856566566201135,0.2768897826933101,0.000128902626803306,0.4501609705286632,0.5308923475843329,0.15303659922964413,97,334
summeval,dm-test-31114653cd606fd3f4b1035f98dedd71f8282cd2,"Wales' crunch Euro 2016 qualifier with Belgium this summer has been declared a 33,000 sell-out. The top two sides in Group B meet at the Cardiff City Stadium on June 12 with Wales in their best position to qualify for a major tournament since the 1958 World Cup finals in Sweden. Belgium and Wales both have 11 points from five games with Marc Wilmots' side - ranked fourth in the world - on top spot because of a superior goal difference. Wales'  Euro 2016 qualifier with Belgium this summer has been declared a 33,000 sell-out Gareth Bale fires homes a brilliant free-kick during Wales' 3-0 victory over Israel in Euro 2016 qualifying Real Madrid star Bale celebrates as the victory took Wales to the top of the Group B table on goal difference But Wales' comprehensive 3-0 victory in Israel last weekend has seen expectations rise that Chris Coleman's charges can claim one of the two automatic qualifying spots and make it all the way to the 2016 finals in France. 'The stunning performance in Israel has created a huge buzz around Chris Coleman's team and the FAW has been inundated with orders for tickets,' the Football Association of Wales said in a statement on its website. 'Due to overwhelming demand, general admission tickets for the European qualifiers match between Wales and Belgium at the Cardiff City Stadium have now sold out.' It is understood the Wales squad prefer to play at the Cardiff City Stadium rather than the Millennium Stadium There had been speculation that Wales would play Belgium at the 74,500 capacity Millennium Stadium with so much interest in the match. But that was never going to happen as UEFA rules prevent the venue being changed within 120 days of the scheduled date. It is understood Gareth Bale and company would prefer playing at the more intimate Cardiff City Stadium rather than the Millennium Stadium, where they have not played since meeting England in a Euro 2012 qualifier in March 2011.",Wales' Euro 2016 qualifier with Belgium has been declared a sell-out. Gareth Bale and Co currently top the Group B table on goal difference. Belgium and Wales both on 11 points ahead of clash.,"wales ' crunch euro 2016 qualifier with belgium this summer has been declared a 33,000 sell-out . the top two sides in group b meet at the cardiff city stadium on june 12 with wales in their best position to qualify for a major tournament since the 1958 world cup finals in sweden . belgium and wales both have 11 points from five games with marc wilmots ' side - ranked fourth in the world - on top spot because of a superior goal difference .",M0,5.0,5.0,5.0,4.666666666666667,0.36569,0.13313,0.31151,0.3686982693754703,0.1928079571537873,0.2116731517509728,0.46758127212524414,34.29675842727237,0.30139060727563816,0.44982433458856347,0.23918245479070044,0.002191843169254551,0.5253478615294253,0.5851965135156045,0.12675664742691964,98,946
summeval,dm-test-1747dcd6a007ee97954b6b10cde549bf82f6a4eb,"Mexican restaurant Chipotle has decided to tap into the $70 billion food delivery market by teaming up with an app to bring burritos straight to customers' doors. The fast-casual chain will work with the Postmates app to begin offering delivery for online and mobile orders in 67 cities, according to a report in Nation's Restaurant News. But Mexican food fans should know that the restaurant plans to add a nine per cent service charge - with the delivery fees for Postmates beginning at $5 and up, depending on distance and demand. New venture: Mexican restaurant Chipotle has decided to tap into the $70 billion food delivery market by teaming up with an app to bring burritos straight to customers' doors Chipotle is thought to have turned down previous offers of collaboration with third-party delivery services - but has now given Postmates the green light, New York Daily News reports. The app hires independent contractors who drive their own cars in a similar model to Uber taxis. Chipotle has gone from strength to strength in recent years and this month two presidential candidates have been spotted in their restaurants. Republican contender Marco Rubio is a regular in the outlets and recently told MailOnline that he always tips staff. Cashing on delivery market: The fast-casual chain will work with the Postmates app to begin offering delivery for online and mobile orders in 67 cities And just one day into her presidential campaign, Hillary Clinton was seen in a Chipotle in Maumee, Ohio where she ordered a chicken dish with guacamole, a chicken salad and fruit juice. Chipotle is not the only franchise hoping to cash in on the lucrative delivery market. Starbucks, which will deliver cups of coffee in parts of Seattle and New York by the end of the year, has also partnered with Postmates. Taco Bell recently announced plans to test a delivery service this year, McDonald's 'McDelivery' program is in the planning process and Burger King has launched a pilot program in select markets, including parts of New York City, through bkdelivers.com. Celebrity customers: Hillary Clinton was spotted ordering a meal at Chipotle in Ohio earlier this month - one day into her presidential campaign Another candidate: Security camera footage obtained by conservative news publication IJ Review released online this month shows Florida senator Marco Rubio visiting a Washington, D.C. Chipotle","Mexican restaurant has decided to tap into $70 billion food delivery market. Fast-casual chain will work with the Postmates app to allow mobile orders. App works in similar way to Uber, using hired drivers to deliver the food. But the chain will add a 9% service charge - on top of Postmates' $5 rate.",The fast-casual chain will work with the Postmates app to begin offering delivery for online and mobile orders in 67 cities . But Mexican food fans should know that the restaurant plans to add a nine per cent service charge - with the delivery fees for Postmates beginning at $ 5 and up .,M22,5.0,3.6666666666666665,5.0,3.6666666666666665,0.402,0.12884,0.344,0.4139999999999999,0.18813905930470345,0.1569037656903766,0.5465589761734009,45.87523535103201,0.27207448530284806,0.5157734956378359,0.3778056226864477,0.38314900218585884,0.4251172465019639,0.5126451013506694,0.17158324622241808,99,777
summeval,dm-test-7cba80e83b222801fed8d6f96e8c0aa381c54b28,"He may not be playing much at Manchester United but Anders Lindegaard certainly has a lot to smile about off the pitch as he enjoyed a spot of sunshine with stunning wife Misse Beqiri. Lindegaard tied the knot with the Swedish model last year in a romantic beach wedding in Mauritius. And the United goalkeeper, who has struggled for minutes throughout his career in Manchester, was keen to remind fans via his Instagram page of his marriage to stunning Beqiri. Manchester United goalkeeper Anders Lindegaard made the most of the English weather with Misse Beqiri Lindegaard tied the knot with the stunning model last year and the couple have a son together Danish international Lindegaard posted a link to Beqiri's Instagram account with the message: 'Day off with my sunshine @missebeqiri #cheshire #manchester' The Swedish beauty, who has Albanian roots, likes to flaunt her good looks on Instagram and regularly posts pictures while she's modelling at work. Lindegaard and Beqiri, who have a son together, have been dating since 2012. The 31-year-old moved to the Premier League in 2010 after signing from Norwegian side Aalesunds but has failed to make an impact. Beqiri, who is Swedish but has Albanian roots, regularly posts modelling photos on her Instagram page With over 17,000 followers on Instagram, Beqiri made sure she showed her new haircut to her legion of fans Lindegaard and Beqiri have been dating since 2012 and they married in a romantic Mauritius beach wedding In five seasons, he has made just 19 league appearances and has been restricted to cup matches during his time in Manchester. With David de Gea in exceptional form under Louis van Gaal and Victor Valdes signing for the Red Devils in January, Lindegaard is now third-choice at Old Trafford. Lindergaard, who has been told he can leave United, was linked with a move to FC Midtjylland in January but the two clubs could not agree on a price. But despite his failure on the pitch, he's definitely winning away from it. The Denmark international (right) has struggled for regular football at Old Trafford since arriving in 2010",Anders Lindegaard posted Instagram photo with model wife Misse Beqiri. The Man Utd goalkeeper tied the knot with Beqiri last year. Lindegaard is third-choice keeper at Old Trafford under Louis van Gaal.,Anders Lindegaard and Misse Beqiri tied the knot in a romantic beach wedding in Mauritius.,M20,5.0,2.0,5.0,4.666666666666667,0.32688,0.12641,0.30538,0.32688172043010755,0.13995485327313772,0.09026128266033254,0.5115923285484314,21.920375168462588,0.21100377835370987,0.4077667912578883,0.31968370203055196,0.42340855534948013,0.22311322798286304,0.4035376180300315,0.08116671585807399,100,552
